"Employee_Last_Name;Employee_First_Name;EmpID;MarriedID;MaritalStatusID;GenderID;EmpStatusID;DeptID;PerfScoreID;FromDiversityJobFairID;PayRate;Termd;PositionID;Position;State;Zip;DOB;Sex;MaritalDesc;CitizenDesc;HispanicLatino;RaceDesc;DateofHire;DateofTermination;TermReason;EmploymentStatus;Department;ManagerName;ManagerID;RecruitmentSource;,,,,,,,,,,,,,,,,,,,,,,,"
"Lindsay; Leonara ;602000312;0;0;0;1;3;4;1;26;0;14;IT Support;CT;6070;10-5-1988;F;Single;US Citizen;Yes;Two or more races;1/21/2011;;N/A - still employed;Active;IT/IS;Eric Dougall;6;Diversity Job Fair;,,,,,,,,,,,,,,,,,,,,,,,"
"Dickinson; Geoff ;706006285;0;0;1;1;5;3;0;21;0;19;Production Technician I;MA;2180;11/15/82;M ;Single;US Citizen;No;White;5-12-2014;;N/A - still employed;Active;Production       ;Ketsia Liebig;19;Pay Per Click - Google;,,,,,,,,,,,,,,,,,,,,,,,"
"Kinsella; Kathleen  ;710007401;1;1;0;5;5;3;0;22;1;19;Production Technician I;MA;2170;12-8-1973;F;Married;US Citizen;No;White;9/26/2011;6-4-2015;more money;Voluntarily Terminated;Production       ;Webster Butler;39;Search Engine - Google Bing Yahoo;,,,,,,,,,,,,,,,,,,,,,,,"
"Rose; Ashley  ;710007555;0;3;0;1;5;3;0;17;0;19;Production Technician I;MA;1886;12-5-1974;F;Separated;US Citizen;No;White;1-6-2014;;N/A - still employed;Active;Production       ;David Stanley;14;Website Banner Ads;,,,,,,,,,,,,,,,,,,,,,,,"
"Smith; Leigh Ann;711007713;1;1;0;5;1;3;1;20.5;1;2;Administrative Assistant;MA;1844;06/14/87;F;Married;US Citizen;No;Asian;9/26/2011;09/25/13;career change;Voluntarily Terminated;Admin Offices;Brandon R. LeBlanc;1;Diversity Job Fair;,,,,,,,,,,,,,,,,,,,,,,,"
"Ferreira; Violeta;803009012;0;0;0;1;5;3;0;23;0;19;Production Technician I;MA;2176;6-10-1986;F;Single;US Citizen;No;White;2/20/2012;;N/A - still employed;Active;Production       ;Ketsia Liebig;19;Newspager/Magazine;,,,,,,,,,,,,,,,,,,,,,,,"
"Sewkumar; Nori;807010161;0;0;0;3;5;3;0;15.2;0;19;Production Technician I;MA;2191;3-10-1975;F;Single;US Citizen;No;Asian;9/30/2013;;N/A - still employed;Leave of Absence;Production       ;Webster Butler;;Search Engine - Google Bing Yahoo;,,,,,,,,,,,,,,,,,,,,,,,"
"Simard; Kramer;808010278;1;1;1;1;3;3;0;30.2;0;9;Data Analyst;MA;2110;2-8-1970;M ;Married;US Citizen;Yes;White;1-5-2015;;N/A - still employed;Active;IT/IS;Simon Roup;4;Employee Referral;,,,,,,,,,,,,,,,,,,,,,,,"
"Ozark; Travis;812011761;0;0;1;1;6;3;0;55;0;3;Area Sales Manager;NC;27229;05/19/82;M ;Single;US Citizen;No;White;1-5-2015;;N/A - still employed;Active;Sales;John Smith;17;Website Banner Ads;,,,,,,,,,,,,,,,,,,,,,,,"
"Kirill; Alexandra  ;903013071;1;1;0;5;5;3;0;24;1;19;Production Technician I;MA;2127;10-8-1970;F;Married;US Citizen;No;White;9/26/2011;1-9-2012;more money;Voluntarily Terminated;Production       ;Amy Dunn;11;Search Engine - Google Bing Yahoo;,,,,,,,,,,,,,,,,,,,,,,,"
"Semizoglou; Jeremiah  ;904013591;1;1;1;2;3;3;0;53.8;0;28;Sr. Network Engineer;MA;1545;2-9-1983;M ;Married;US Citizen;No;Asian;6/30/2016;;N/A - Has not started yet;Future Start;IT/IS;Peter Monroe;7;On-campus Recruiting;,,,,,,,,,,,,,,,,,,,,,,,"
"Goble; Taisha;905013738;0;0;0;4;3;3;0;48.5;1;8;Database Administrator;MA;2127;10/23/71;F;Single;US Citizen;No;White;2/16/2015;03/15/15;no-call/no-show;Terminated for Cause;IT/IS;Simon Roup;4;Glassdoor,,,,,,,,,,,,,,,,,,,,,,,"
"Shepard; Anita ;906014183;1;1;0;1;3;3;0;47;0;15;Network Engineer;MA;1773;04/14/81;F;Married;US Citizen;No;White;9/30/2014;;N/A - still employed;Active;IT/IS;Peter Monroe;7;Vendor Referral;,,,,,,,,,,,,,,,,,,,,,,,"
"Mckenna; Sandy;909015167;1;1;0;1;5;3;0;24;0;19;Production Technician I;MA;2184;1-7-1987;F;Married;US Citizen;No;Black or African American;1-7-2013;;N/A - still employed;Active;Production       ;Kissy Sullivan;20;Monster.com;,,,,,,,,,,,,,,,,,,,,,,,"
"Stanley; David ;1000974650;0;2;1;1;5;2;0;53;0;18;Production Manager;MA;1803;12/17/75;M ;Divorced;US Citizen;No;White;7/20/2010;;N/A - still employed;Active;Production       ;Janet King;2;Monster.com;,,,,,,,,,,,,,,,,,,,,,,,"
"Prater; Jeremy; 1001084890;1;1;1;1;6;1;0;56;0;3;Area Sales Manager;NV;89139;5-9-1974;M ;Married;US Citizen;No;White;5-12-2014;N/A - still employed;N/A - still employed;Active;Sales;Lynn Daneault;21;Website Banner Ads;,,,,,,,,,,,,,,,,,,,,,,,"
"Monterro; Luisa;1001103149;0;0;0;1;5;4;0;25;0;20;Production Technician II;MA;2126;04/24/70;F;Single;US Citizen;No;Black or African American;5/13/2013;;N/A - still employed;Active;Production       ;Kissy Sullivan;20;Billboard;,,,,,,,,,,,,,,,,,,,,,,,"
"Darson; Jene'ya ;1001109612;1;1;0;1;5;3;0;15;0;19;Production Technician I;MA;2110;11-5-1978;F;Married;US Citizen;No;White;7-2-2012;;N/A - still employed;Active;Production       ;Elijiah Gray;16;Billboard;,,,,,,,,,,,,,,,,,,,,,,,"
"Lynch; Lindsay;1001138521;0;0;0;5;5;4;1;19;1;19;Production Technician I;MA;1844;02/14/73;F;Single;US Citizen;Yes;Two or more races;11-7-2011;11/14/15;Another position;Voluntarily Terminated;Production       ;Webster Butler;39;Diversity Job Fair;,,,,,,,,,,,,,,,,,,,,,,,"
"Guilianno; Mike;1001167253;0;0;1;5;6;3;0;55;1;3;Area Sales Manager;TN;37129;2-9-1969;M ;Single;US Citizen;No;Two or more races;3-7-2011;10/31/14;relocation out of area;Voluntarily Terminated;Sales;John Smith;17;Newspager/Magazine;,,,,,,,,,,,,,,,,,,,,,,,"
"Ruiz; Ricardo;1001175250;0;2;1;5;3;3;1;21;1;13;IT Manager - DB;MA;1915;1-4-1964;M ;Divorced;US Citizen;No;Two or more races;1-9-2012;11-4-2015;hours;Voluntarily Terminated;IT/IS;Jennifer Zamora;5;Diversity Job Fair;,,,,,,,,,,,,,,,,,,,,,,,"
"Ybarra; Catherine ;1001268402;0;0;0;5;5;1;0;22;1;19;Production Technician I;MA;2458;5-4-1982;F;Single;US Citizen;No;Asian;9-2-2008;09/29/15;Another position;Voluntarily Terminated;Production       ;Brannon Miller;12;Search Engine - Google Bing Yahoo;,,,,,,,,,,,,,,,,,,,,,,,"
"Anderson; Carol ;1001417624;0;2;0;5;5;3;0;16;1;19;Production Technician I;MA;2169;9-8-1989;F;Divorced;US Citizen;No;White;7-11-2011;9-6-2011;return to school;Voluntarily Terminated;Production       ;Webster Butler;39;Word of Mouth;,,,,,,,,,,,,,,,,,,,,,,,"
"Cole; Spencer;1001450968;0;0;1;4;5;2;0;15;1;19;Production Technician I;MA;1880;8-12-1979;M ;Single;US Citizen;No;Black or African American;7-11-2011;09/23/12;performance;Terminated for Cause;Production       ;Kissy Sullivan;20;MBTA ads;,,,,,,,,,,,,,,,,,,,,,,,"
"King; Janet;1001495124;1;1;0;1;2;3;0;80;0;16;President & CEO;MA;1902;09/21/54;F;Married;US Citizen;Yes;White;7-2-2012;;N/A - still employed;Active;Executive Office;Board of Directors;9;Pay Per Click - Google;,,,,,,,,,,,,,,,,,,,,,,,"
"Lunquist; Lisa;1001504432;0;0;0;1;5;4;0;26.1;0;20;Production Technician II;MA;2324;03/28/82;F;Single;US Citizen;No;Black or African American;8/19/2013;;N/A - still employed;Active;Production       ;Elijiah Gray;16;Glassdoor;,,,,,,,,,,,,,,,,,,,,,,,"
"Good; Susan;1001549006;1;1;0;3;5;3;0;24.25;0;20;Production Technician II;MA;1886;05/25/86;F;Married;US Citizen;No;White;5-12-2014;;N/A - still employed;Leave of Absence;Production       ;David Stanley;14;Professional Society;,,,,,,,,,,,,,,,,,,,,,,,"
"Sweetwater; Alex;1001644719;0;0;1;1;4;3;0;27;0;25;Software Engineering Manager;MA;2184;11/22/66;M ;Single;US Citizen;No;White;8/15/2011;;N/A - still employed;Active;Software Engineering;Jennifer Zamora;5;Search Engine - Google Bing Yahoo;,,,,,,,,,,,,,,,,,,,,,,,"
"Pitt; Brad ;1001735072;0;0;1;1;5;3;0;17;0;19;Production Technician I;MA;2451;11/23/81;M ;Single;US Citizen;No;Black or African American;11-5-2007;;N/A - still employed;Active;Production       ;David Stanley;14;Search Engine - Google Bing Yahoo;,,,,,,,,,,,,,,,,,,,,,,,"
"Oliver; Brooke ;1001856521;1;1;0;5;5;3;0;25;1;20;Production Technician II;MA;2492;2-11-1952;F;Married;US Citizen;No;Asian;5/14/2012;08/19/13;unhappy;Voluntarily Terminated;Production       ;Webster Butler;39;Newspager/Magazine;,,,,,,,,,,,,,,,,,,,,,,,"
"Hogland; Jonathan ;1001944783;1;1;1;4;5;3;0;48.5;1;18;Production Manager;MA;1890;7-1-1972;M ;Married;US Citizen;No;White;1-10-2011;12-12-2015;attendance;Terminated for Cause;Production       ;Janet King;2;Employee Referral;,,,,,,,,,,,,,,,,,,,,,,,"
"Morway; Tanya;1001956578;1;1;0;1;3;3;0;27;0;15;Network Engineer;MA;2048;4-4-1979;F;Married;US Citizen;No;White;2/16/2015;;N/A - still employed;Active;IT/IS;Peter Monroe;7;Monster.com;,,,,,,,,,,,,,,,,,,,,,,,"
"Smith; Joe;1001970770;0;0;1;1;5;4;0;22;0;20;Production Technician II;MA;2045;10/30/63;M ;Single;US Citizen;No;White;9/29/2014;;N/A - still employed;Active;Production       ;Elijiah Gray;16;Pay Per Click - Google;,,,,,,,,,,,,,,,,,,,,,,,"
"Heitzman; Anthony;1002017900;0;0;1;1;5;3;0;19;0;19;Production Technician I;MA;2149;1-4-1984;M ;Single;US Citizen;No;White;8/13/2012;;N/A - still employed;Active;Production       ;Ketsia Liebig;19;Social Networks - Facebook Twitter etc;,,,,,,,,,,,,,,,,,,,,,,,"
"Johnson; Noelle ;1003018246;1;1;0;3;3;3;0;40;0;8;Database Administrator;MA;2301;11-7-1986;F;Married;US Citizen;No;Asian;1-5-2015;;N/A - still employed;Leave of Absence;IT/IS;Simon Roup;4;Glassdoor;,,,,,,,,,,,,,,,,,,,,,,,"
"Akinkuolie; Sarah;1005019209;1;1;0;5;5;3;0;29;1;20;Production Technician II;MA;1810;09/19/88;F;Married;US Citizen;No;White;7-5-2011;09/24/12;hours;Voluntarily Terminated;Production       ;Kissy Sullivan;20;Newspager/Magazine;,,,,,,,,,,,,,,,,,,,,,,,"
"Fidelia;  Libby;1006020020;1;1;0;1;5;3;0;24;0;19;Production Technician I;MA;2155;03/16/81;F;Married;US Citizen;No;White;1-9-2012;;N/A - still employed;Active;Production       ;Brannon Miller;12;Social Networks - Facebook Twitter etc;,,,,,,,,,,,,,,,,,,,,,,,"
"Bramante; Elisa;1006020066;0;0;0;1;5;4;0;60;0;10;Director of Operations;MA;2030;03/19/83;F;Single;US Citizen;No;Black or African American;1-5-2009;;N/A - still employed;Active;Production       ;Janet King;2;Other;,,,,,,,,,,,,,,,,,,,,,,,"
"Engdahl; Jean;1007020403;0;0;1;1;5;3;0;21.25;0;19;Production Technician I;MA;2026;05/31/74;M ;Single;US Citizen;No;White;11-10-2014;;N/A - still employed;Active;Production       ;Kelley Spirea;18;MBTA ads;,,,,,,,,,,,,,,,,,,,,,,,"
"Jeannite; Tayana;1008020942;0;2;0;1;5;4;0;22.5;0;20;Production Technician II;MA;1821;11-6-1986;F;Divorced;US Citizen;No;American Indian or Alaska Native;7-5-2011;;N/A - still employed;Active;Production       ;Ketsia Liebig;19;MBTA ads;,,,,,,,,,,,,,,,,,,,,,,,"
"Gilles; Alex;1008020960;1;1;1;5;5;2;1;15;1;19;Production Technician I;MA;2062;8-9-1974;M ;Married;US Citizen;No;Black or African American;4-2-2012;06/25/15;military;Voluntarily Terminated;Production       ;Webster Butler;39;Diversity Job Fair;,,,,,,,,,,,,,,,,,,,,,,,"
"Bondwell; Betsy;1008021030;0;0;0;5;5;3;0;26;1;20;Production Technician II;MA;2210;01/16/67;F;Single;US Citizen;No;White;1-10-2011;4-4-2014;career change;Voluntarily Terminated;Production       ;Elijiah Gray;16;Search Engine - Google Bing Yahoo;,,,,,,,,,,,,,,,,,,,,,,,"
"Houlihan; Debra;1009021646;1;1;0;1;6;3;0;60;0;11;Director of Sales;RI;2908;03/17/66;F;Married;US Citizen;No;White;5-5-2014;;N/A - still employed;Active;Sales;Janet King;2;MBTA ads;,,,,,,,,,,,,,,,,,,,,,,,"
"Champaigne; Brian;1009919920;1;1;1;1;3;3;0;63.5;0;5;BI Director;MA;2045;2-9-1972;M ;Married;US Citizen;No;White;9-6-2016;;N/A - still employed;Active;IT/IS;Jennifer Zamora;5;Professional Society;,,,,,,,,,,,,,,,,,,,,,,,"
"Le; Binh;1009919930;0;0;0;1;3;3;0;50.25;0;22;Senior BI Developer;MA;1886;06/14/87;F;Single;US Citizen;No;Asian;10-2-2016;;N/A - still employed;Active;IT/IS;Brian Champaigne;13;Indeed;,,,,,,,,,,,,,,,,,,,,,,,"
"Rachael; Maggie;1009919940;1;1;0;1;3;3;0;45;0;4;BI Developer;MA;2110;5-12-1980;F;Married;US Citizen;No;Black or African American;10-2-2016;;N/A - still employed;Active;IT/IS;Brian Champaigne;13;Indeed;,,,,,,,,,,,,,,,,,,,,,,,"
"Roper; Katie;1009919950;0;0;0;1;3;3;0;55;0;7;Data Architect;MA;2056;11/21/72;F;Single;US Citizen;No;Black or African American;1-7-2017;;N/A - still employed;Active;IT/IS;Brian Champaigne;13;Indeed;,,,,,,,,,,,,,,,,,,,,,,,"
"Navathe; Kurt;1009919960;0;0;1;1;3;3;0;52.25;0;22;Senior BI Developer;MA;2056;04/25/70;M ;Single;US Citizen;No;Asian;2-10-2017;;N/A - still employed;Active;IT/IS;Brian Champaigne;13;Indeed;,,,,,,,,,,,,,,,,,,,,,,,"
"Wang; Charlie;1009919970;0;0;1;1;3;3;0;51;0;22;Senior BI Developer;MA;1887;7-8-1981;M ;Single;US Citizen;No;Asian;2/15/2017;;N/A - still employed;Active;IT/IS;Brian Champaigne;13;Indeed;,,,,,,,,,,,,,,,,,,,,,,,"
"Smith; Jason;1009919980;0;0;1;1;3;3;0;46;0;4;BI Developer;MA;2045;9-4-1983;M ;Single;US Citizen;No;White;2/15/2017;;N/A - still employed;Active;IT/IS;Brian Champaigne;13;Indeed;,,,,,,,,,,,,,,,,,,,,,,,"
"Westinghouse; Matthew;1009919990;1;1;1;1;3;3;0;45;0;4;BI Developer;MA;2134;10/24/87;M ;Married;US Citizen;No;White;4/20/2017;;N/A - still employed;Active;IT/IS;Brian Champaigne;13;Indeed;,,,,,,,,,,,,,,,,,,,,,,,"
"Hubert; Robert;1009920000;1;1;1;1;3;3;0;45;0;4;BI Developer;MA;2134;06/30/89;M ;Married;US Citizen;No;Black or African American;4/20/2017;;N/A - still employed;Active;IT/IS;Brian Champaigne;13;Indeed;,,,,,,,,,,,,,,,,,,,,,,,"
"Langford; Lindsey;1010022030;0;2;0;5;5;3;0;22;1;20;Production Technician II;MA;2090;07/25/79;F;Divorced;US Citizen;No;Asian;1-7-2013;03/31/14;Another position;Voluntarily Terminated;Production       ;David Stanley;14;Glassdoor;,,,,,,,,,,,,,,,,,,,,,,,"
"Carr; Claudia  N;1010022337;0;0;0;2;3;3;0;61.3;0;27;Sr. DBA;MA;1886;6-6-1986;F;Single;US Citizen;No;Black or African American;6/30/2016;;N/A - Has not started yet;Future Start;IT/IS;Simon Roup;4;Vendor Referral;,,,,,,,,,,,,,,,,,,,,,,,"
"Thibaud; Kenneth;1011022777;0;4;1;5;5;3;0;23;1;20;Production Technician II;MA;2472;09/16/75;M ;Widowed;US Citizen;No;White;6/25/2007;08/30/10;military;Voluntarily Terminated;Production       ;Webster Butler;39;Pay Per Click - Google;,,,,,,,,,,,,,,,,,,,,,,,"
"Volk; Colleen;1011022814;1;1;0;4;5;4;0;21;1;19;Production Technician I;MA;2747;6-3-1986;F;Married;US Citizen;No;White;9/26/2011;2-8-2016;gross misconduct;Terminated for Cause;Production       ;Kelley Spirea;18;Social Networks - Facebook Twitter etc;,,,,,,,,,,,,,,,,,,,,,,,"
"Walker; Roger;1011022818;0;0;1;1;5;3;0;22;0;20;Production Technician II;MA;2459;2-10-1976;M ;Single;US Citizen;No;Black or African American;8/18/2014;;N/A - still employed;Active;Production       ;Ketsia Liebig;19;Employee Referral;,,,,,,,,,,,,,,,,,,,,,,,"
"Burke; Joelle;1011022820;0;0;0;1;5;3;0;25;0;20;Production Technician II;MA;2148;3-2-1980;F;Single;US Citizen;No;Black or African American;3-5-2012;;N/A - still employed;Active;Production       ;Amy Dunn;11;Employee Referral;,,,,,,,,,,,,,,,,,,,,,,,"
"Monroe; Peter;1011022863;1;1;1;1;3;2;1;63;0;13;IT Manager - Infra;MA;2134;10-5-1986;M ;Married;Eligible NonCitizen;Yes;Hispanic;2/15/2012;;N/A - still employed;Active;IT/IS;Jennifer Zamora;5;Diversity Job Fair;,,,,,,,,,,,,,,,,,,,,,,,"
"Alagbe;Trina;1011022883;1;1;0;1;5;3;0;21;0;19;Production Technician I;MA;1886;09/27/88;F;Married;US Citizen;No;White;1-7-2008;;N/A - still employed;Active;Production       ;Elijiah Gray;16;Billboard;,,,,,,,,,,,,,,,,,,,,,,,"
"Robinson; Elias;1011022887;0;4;1;1;5;4;0;17;0;19;Production Technician I;MA;1730;01/28/85;M ;Widowed;US Citizen;No;White;7-8-2013;;N/A - still employed;Active;Production       ;Brannon Miller;12;Employee Referral;,,,,,,,,,,,,,,,,,,,,,,,"
"Purinton; Janine;1011022926;0;2;0;5;5;3;0;16;1;19;Production Technician I;MA;2474;09/22/70;F;Divorced;US Citizen;No;White;9/24/2012;06/18/13;unhappy;Voluntarily Terminated;Production       ;Kissy Sullivan;20;Billboard;,,,,,,,,,,,,,,,,,,,,,,,"
"Hendrickson; Trina;1011022932;0;0;0;5;5;3;0;24;1;20;Production Technician II;MA;2021;08/27/72;F;Single;US Citizen;No;White;1-10-2011;02/18/13;hours;Voluntarily Terminated;Production       ;Kelley Spirea;18;Monster.com;,,,,,,,,,,,,,,,,,,,,,,,"
"Woodson; Jason;1012023010;0;0;1;1;5;3;0;24.25;0;20;Production Technician II;MA;1810;5-11-1985;M ;Single;US Citizen;No;White;7-7-2014;;N/A - still employed;Active;Production       ;Kissy Sullivan;20;Vendor Referral;,,,,,,,,,,,,,,,,,,,,,,,"
"Merlos; Carlos;1012023013;0;0;1;1;3;1;0;43;0;15;Network Engineer;MA;2138;06/18/87;M ;Single;US Citizen;No;White;3/30/2015;;N/A - still employed;Active;IT/IS;Peter Monroe;7;Vendor Referral;,,,,,,,,,,,,,,,,,,,,,,,"
"Sloan; Constance;1012023103;0;0;0;5;5;3;0;23;1;20;Production Technician II;MA;1851;11/25/87;F;Single;US Citizen;No;White;10/26/2009;4-8-2015;maternity leave - did not return;Voluntarily Terminated;Production       ;Michael Albert;22;Monster.com;,,,,,,,,,,,,,,,,,,,,,,,"
"Trang; Mei;1012023152;0;0;0;1;5;2;0;22;0;19;Production Technician I;MA;2021;05/16/83;F;Single;US Citizen;No;White;2/17/2014;;N/A - still employed;Active;Production       ;David Stanley;14;Professional Society;,,,,,,,,,,,,,,,,,,,,,,,"
"Saada; Adell;1012023185;1;1;0;1;4;3;0;49.25;0;24;Software Engineer;MA;2132;07/24/86;F;Married;US Citizen;No;White;11-5-2012;;N/A - still employed;Active;Software Engineering;Alex Sweetwater;10;Pay Per Click - Google;,,,,,,,,,,,,,,,,,,,,,,,"
"Foreman; Tanya;1012023204;1;1;0;5;5;3;0;24;1;20;Production Technician II;MA;2170;11-8-1983;F;Married;US Citizen;No;White;4-4-2011;1-9-2012;career change;Voluntarily Terminated;Production       ;Ketsia Liebig;19;Word of Mouth;,,,,,,,,,,,,,,,,,,,,,,,"
"Cloninger; Jennifer;1012023226;1;1;0;5;5;3;0;25;1;20;Production Technician II;MA;1752;08/31/81;F;Married;US Citizen;No;White;5/16/2011;1-7-2013;unhappy;Voluntarily Terminated;Production       ;Brannon Miller;12;Word of Mouth;,,,,,,,,,,,,,,,,,,,,,,,"
"Cierpiszewski; Caroline  ;1012023295;0;0;0;1;5;3;0;22;0;19;Production Technician I;MA;2044;05/31/88;F;Single;Non-Citizen;No;Black or African American;10-3-2011;;N/A - still employed;Active;Production       ;Ketsia Liebig;19;Pay Per Click - Google;,,,,,,,,,,,,,,,,,,,,,,,"
"Lydon; Allison;1101023353;1;1;0;3;5;3;0;20;0;19;Production Technician I;MA;2122;10/22/75;F;Married;US Citizen;No;Black or African American;2/16/2015;;N/A - still employed;Leave of Absence;Production       ;Elijiah Gray;16;Website Banner Ads;,,,,,,,,,,,,,,,,,,,,,,,"
"Chivukula; Enola;1101023394;0;0;0;5;5;3;0;21;1;19;Production Technician I;MA;1775;08/27/83;F;Single;US Citizen;No;White;6/27/2011;11/15/15;relocation out of area;Voluntarily Terminated;Production       ;Amy Dunn;11;Other;,,,,,,,,,,,,,,,,,,,,,,,"
"Buccheri; Joseph  ;1101023457;0;0;1;1;5;3;0;22;0;20;Production Technician II;MA;1013;07/28/83;M ;Single;US Citizen;No;White;9/29/2014;;N/A - still employed;Active;Production       ;Webster Butler;;Word of Mouth;,,,,,,,,,,,,,,,,,,,,,,,"
"Dolan; Linda;1101023540;1;1;0;1;3;3;0;37;0;14;IT Support;MA;2119;07/18/88;F;Married;US Citizen;No;White;1-5-2015;;N/A - still employed;Active;IT/IS;Peter Monroe;7;Employee Referral;,,,,,,,,,,,,,,,,,,,,,,,"
"Carabbio; Judith;1101023577;0;0;0;1;4;3;0;56;0;24;Software Engineer;MA;2132;4-5-1987;F;Single;US Citizen;No;White;11-11-2013;;N/A - still employed;Active;Software Engineering;Alex Sweetwater;10;Pay Per Click - Google;,,,,,,,,,,,,,,,,,,,,,,,"
"England; Rex;1101023612;1;1;1;1;5;3;0;21;0;19;Production Technician I;MA;2045;08/25/78;M ;Married;US Citizen;No;White;3/31/2014;;N/A - still employed;Active;Production       ;Kelley Spirea;18;Employee Referral;,,,,,,,,,,,,,,,,,,,,,,,"
"Wallace; Theresa;1101023619;0;0;0;5;5;2;0;15;1;19;Production Technician I;MA;1887;8-2-1980;F;Single;US Citizen;No;White;8/13/2012;9-1-2015;career change;Voluntarily Terminated;Production       ;Elijiah Gray;16;Monster.com;,,,,,,,,,,,,,,,,,,,,,,,"
"Barone; Francesco  A;1101023679;0;0;1;1;5;3;0;16.76;0;19;Production Technician I;MA;1810;07/20/83;M ;Single;US Citizen;No;Two or more races;2/20/2012;;N/A - still employed;Active;Production       ;Kelley Spirea;18;Social Networks - Facebook Twitter etc;,,,,,,,,,,,,,,,,,,,,,,,"
"Dougall; Eric;1101023754;0;0;1;1;3;4;0;64;0;13;IT Manager - Support;MA;1886;7-9-1970;M ;Single;US Citizen;No;White;1-5-2014;;N/A - still employed;Active;IT/IS;Jennifer Zamora;5;Professional Society;,,,,,,,,,,,,,,,,,,,,,,,"
"Wilber; Barry;1101023839;1;1;1;5;5;3;0;21;1;19;Production Technician I;MA;2324;9-9-1965;M ;Married;Eligible NonCitizen;No;White;5/16/2011;9-7-2015;unhappy;Voluntarily Terminated;Production       ;Amy Dunn;11;Website Banner Ads;,,,,,,,,,,,,,,,,,,,,,,,"
"Pearson; Randall;1102023965;1;1;1;5;3;3;0;41;1;9;Data Analyst;MA;2747;9-5-1984;M ;Married;US Citizen;No;White;12-1-2014;5-1-2016;performance;Voluntarily Terminated;IT/IS;Simon Roup;4;Employee Referral;,,,,,,,,,,,,,,,,,,,,,,,"
"Becker; Renee;1102024056;0;0;0;4;3;3;0;43;1;8;Database Administrator;MA;2026;4-4-1986;F;Single;US Citizen;Yes;White;7-7-2014;9-12-2015;performance;Terminated for Cause;IT/IS;Simon Roup;4;Search Engine - Google Bing Yahoo;,,,,,,,,,,,,,,,,,,,,,,,"
"TRUE; Edward;1102024057;0;0;1;5;4;3;1;45.42;1;24;Software Engineer;MA;2451;06/14/83;M ;Single;Non-Citizen;No;Black or African American;2/18/2013;04/15/14;medical issues;Voluntarily Terminated;Software Engineering;Alex Sweetwater;10;Diversity Job Fair;,,,,,,,,,,,,,,,,,,,,,,,"
"Potts; Xana;1102024106;1;1;0;1;6;3;0;55;0;3;Area Sales Manager;KY;40220;08/29/88;F;Married;US Citizen;No;Black or African American;1-9-2012;;N/A - still employed;Active;Sales;Lynn Daneault;21;Website Banner Ads;,,,,,,,,,,,,,,,,,,,,,,,"
"LeBlanc; Brandon  R;1102024115;1;1;1;1;1;3;0;55;0;23;Shared Services Manager;MA;1460;6-10-1984;M ;Married;US Citizen;No;White;1-5-2016;;N/A - still employed;Active;Admin Offices;Janet King;2;Monster.com;,,,,,,,,,,,,,,,,,,,,,,,"
"Motlagh;  Dawn;1102024121;0;2;0;1;5;3;0;15;0;19;Production Technician I;MA;2453;7-7-1984;F;Divorced;US Citizen;No;White;4-1-2013;;N/A - still employed;Active;Production       ;Elijiah Gray;16;MBTA ads;,,,,,,,,,,,,,,,,,,,,,,,"
"Spirea; Kelley;1102024149;1;1;0;1;5;3;0;52;0;18;Production Manager;MA;2451;09/30/75;F;Married;US Citizen;No;White;10-2-2012;;N/A - still employed;Active;Production       ;Janet King;2;Vendor Referral;,,,,,,,,,,,,,,,,,,,,,,,"
"Cisco; Anthony;1102024173;1;1;1;1;3;3;0;42;0;14;IT Support;MA;2135;11/24/89;M ;Married;US Citizen;Yes;White;3/30/2015;;N/A - still employed;Active;IT/IS;Peter Monroe;7;Information Session;,,,,,,,,,,,,,,,,,,,,,,,"
"Power; Morissa;1102024274;0;2;0;5;5;3;0;19;1;19;Production Technician I;MA;1742;10/15/84;F;Divorced;Eligible NonCitizen;No;Asian;5/16/2011;6-4-2011;Another position;Voluntarily Terminated;Production       ;Kissy Sullivan;20;Social Networks - Facebook Twitter etc;,,,,,,,,,,,,,,,,,,,,,,,"
"Owad; Clinton;1103024335;0;0;1;1;5;2;0;22;0;19;Production Technician I;MA;1760;11/24/79;M ;Single;US Citizen;No;Black or African American;2/17/2014;;N/A - still employed;Active;Production       ;Michael Albert;22;MBTA ads;,,,,,,,,,,,,,,,,,,,,,,,"
"Brown; Mia;1103024456;1;1;0;1;1;3;1;28.5;0;1;Accountant I;MA;1450;11/24/87;F;Married;US Citizen;No;Black or African American;10/27/2008;;N/A - still employed;Active;Admin Offices;Brandon R. LeBlanc;1;Diversity Job Fair;,,,,,,,,,,,,,,,,,,,,,,,"
"Tinto; Theresa  ;1103024504;0;2;0;5;5;3;0;20;1;19;Production Technician I;MA;1876;07/30/83;F;Divorced;US Citizen;No;White;1-10-2011;05/14/11;Another position;Voluntarily Terminated;Production       ;Ketsia Liebig;19;Social Networks - Facebook Twitter etc;,,,,,,,,,,,,,,,,,,,,,,,"
"Liebig; Ketsia;1103024679;1;1;0;1;5;4;0;55;0;18;Production Manager;MA;2110;10/26/81;F;Married;US Citizen;No;White;9/30/2013;;N/A - still employed;Active;Production       ;Janet King;2;Website Banner Ads;,,,,,,,,,,,,,,,,,,,,,,,"
"Petingill; Shana  ;1103024843;1;1;0;1;5;3;0;26;0;20;Production Technician II;MA;2050;3-10-1979;F;Married;Eligible NonCitizen;No;Asian;4-2-2012;;N/A - still employed;Active;Production       ;Brannon Miller;12;MBTA ads;,,,,,,,,,,,,,,,,,,,,,,,"
"Gross; Paula;1103024859;0;2;0;5;5;3;0;14;1;19;Production Technician I;MA;2176;05/21/83;F;Divorced;US Citizen;No;White;2/21/2011;1-11-2014;more money;Voluntarily Terminated;Production       ;Kelley Spirea;18;Monster.com;,,,,,,,,,,,,,,,,,,,,,,,"
"Hutter; Rosalie;1103024924;0;3;0;2;5;3;0;28;0;20;Production Technician II;MA;2351;5-7-1992;F;Separated;US Citizen;No;White;6-5-2015;;N/A - Has not started yet;Future Start;Production       ;Webster Butler;;Other;,,,,,,,,,,,,,,,,,,,,,,,"
"Khemmich; Bartholemew;1104025008;0;0;1;1;6;3;0;55;0;3;Area Sales Manager;CO;80820;11/27/79;M ;Single;US Citizen;No;White;8/19/2013;;N/A - still employed;Active;Sales;Lynn Daneault;21;Pay Per Click - Google;,,,,,,,,,,,,,,,,,,,,,,,"
"Demita; Carla;1104025179;0;3;0;5;5;3;0;29;1;20;Production Technician II;MA;2343;02/25/51;F;Separated;US Citizen;No;Black or African American;4-4-2011;11-4-2015;more money;Voluntarily Terminated;Production       ;Kelley Spirea;18;Search Engine - Google Bing Yahoo;,,,,,,,,,,,,,,,,,,,,,,,"
"Estremera; Miguel;1104025243;0;0;1;4;5;2;0;17;1;19;Production Technician I;MA;2129;9-2-1983;M ;Single;US Citizen;No;White;4-2-2012;09/27/14;attendance;Terminated for Cause;Production       ;Michael Albert;22;Word of Mouth;,,,,,,,,,,,,,,,,,,,,,,,"
"Garneau; Hamish;1104025414;0;0;1;1;5;3;0;18;0;19;Production Technician I;MA;1550;04/18/80;M ;Single;US Citizen;No;Asian;7-8-2013;;N/A - still employed;Active;Production       ;Kissy Sullivan;20;Professional Society;,,,,,,,,,,,,,,,,,,,,,,,"
"Nowlan; Kristie;1104025435;0;0;0;1;5;3;0;26.39;0;20;Production Technician II;MA;1040;11/23/85;F;Single;US Citizen;No;White;11-10-2014;;N/A - still employed;Active;Production       ;Elijiah Gray;16;Glassdoor;,,,,,,,,,,,,,,,,,,,,,,,"
"Tredinnick; Neville ;1104025466;1;1;1;5;3;3;0;28;1;15;Network Engineer;MA;1420;5-5-1988;M ;Married;US Citizen;No;White;1-5-2015;5-12-2015;medical issues;Voluntarily Terminated;IT/IS;Peter Monroe;7;Monster.com;,,,,,,,,,,,,,,,,,,,,,,,"
"Latif; Mohammed;1104025486;1;1;1;5;5;3;0;28;1;20;Production Technician II;MA;2126;5-9-1984;M ;Married;US Citizen;No;White;4-2-2012;04/15/13;more money;Voluntarily Terminated;Production       ;Kissy Sullivan;20;Word of Mouth;,,,,,,,,,,,,,,,,,,,,,,,"
"Erilus; Angela;1105025661;0;3;0;1;5;1;0;24;0;20;Production Technician II;MA;2133;08/25/89;F;Separated;US Citizen;No;White;7-7-2014;;N/A - still employed;Active;Production       ;Michael Albert;22;Pay Per Click - Google;,,,,,,,,,,,,,,,,,,,,,,,"
"Horton; Jayne;1105025718;0;0;0;1;3;3;0;34;0;8;Database Administrator;MA;2493;02/21/84;F;Single;US Citizen;No;White;3/30/2015;;N/A - still employed;Active;IT/IS;Simon Roup;4;Glassdoor;,,,,,,,,,,,,,,,,,,,,,,,"
"Johnson; George;1105025721;1;1;1;5;5;4;0;17;1;19;Production Technician I;MA;2445;08/19/59;M ;Married;US Citizen;No;White;11-7-2011;04/29/16;more money;Voluntarily Terminated;Production       ;Michael Albert;22;Monster.com;,,,,,,,,,,,,,,,,,,,,,,,"
"Gaul; Barbara;1105026041;0;0;0;1;5;3;0;24;0;19;Production Technician I;MA;2121;12-2-1983;F;Single;US Citizen;Yes;Black or African American;5/16/2011;;N/A - still employed;Active;Production       ;Kelley Spirea;18;MBTA ads;,,,,,,,,,,,,,,,,,,,,,,,"
"Hunts; Julissa;1106026433;0;0;0;2;5;3;0;25;0;20;Production Technician II;MA;2021;3-11-1984;F;Single;US Citizen;No;White;6-6-2016;;N/A - Has not started yet;Future Start;Production       ;Elijiah Gray;16;Vendor Referral;,,,,,,,,,,,,,,,,,,,,,,,"
"Sahoo; Adil;1106026462;1;1;1;1;5;3;0;29;0;20;Production Technician II;MA;2062;04/26/86;M ;Married;US Citizen;No;White;8/30/2010;;N/A - still employed;Active;Production       ;Kelley Spirea;18;Monster.com;,,,,,,,,,,,,,,,,,,,,,,,"
"Von Massenbach; Anna;1106026474;0;0;0;2;5;3;0;20;0;19;Production Technician I;MA;2124;4-6-1985;F;Single;US Citizen;No;White;7-5-2015;;N/A - Has not started yet;Future Start;Production       ;Michael Albert;22;Newspager/Magazine;,,,,,,,,,,,,,,,,,,,,,,,"
"LaRotonda; William  ;1106026572;0;2;1;1;1;3;0;23;0;1;Accountant I;MA;1460;04/26/84;M ;Divorced;US Citizen;No;Black or African American;1-6-2014;;N/A - still employed;Active;Admin Offices;Brandon R. LeBlanc;1;Website Banner Ads;,,,,,,,,,,,,,,,,,,,,,,,"
"Gordon; David;1106026579;1;1;1;1;5;3;0;15;0;19;Production Technician I;MA;2169;05/21/79;M ;Married;US Citizen;No;White;7-2-2012;;N/A - still employed;Active;Production       ;David Stanley;14;MBTA ads;,,,,,,,,,,,,,,,,,,,,,,,"
"Stoica; Rick;1106026896;1;1;1;1;5;3;0;22;0;19;Production Technician I;MA;2301;03/14/85;M ;Married;US Citizen;No;Asian;2/17/2014;;N/A - still employed;Active;Production       ;Kelley Spirea;18;On-campus Recruiting;,,,,,,,,,,,,,,,,,,,,,,,"
"Roup;Simon;1106026933;0;0;1;1;3;3;0;62;0;13;IT Manager - DB;MA;2481;4-5-1973;M ;Single;US Citizen;No;White;1/20/2013;;N/A - still employed;Active;IT/IS;Jennifer Zamora;5;Professional Society;,,,,,,,,,,,,,,,,,,,,,,,"
"Miller; Brannon;1107027351;0;0;1;1;5;3;0;53;0;18;Production Manager;MA;2045;8-10-1981;M ;Single;US Citizen;yes;Hispanic;8/16/2012;;N/A - still employed;Active;Production       ;Janet King;2;Internet Search;,,,,,,,,,,,,,,,,,,,,,,,"
"Andreola; Colby;1107027358;0;0;0;1;4;3;0;47.6;0;24;Software Engineer;MA;2110;05/24/79;F;Single;US Citizen;No;White;11-10-2014;;N/A - still employed;Active;Software Engineering;Alex Sweetwater;10;Vendor Referral;,,,,,,,,,,,,,,,,,,,,,,,"
"Evensen; April;1107027392;0;0;0;4;5;2;0;18;1;19;Production Technician I;MA;2458;5-6-1989;F;Single;US Citizen;No;White;2/17/2014;02/25/14;no-call; no-show;Terminated for Cause;Production       ;Elijiah Gray;16;Word of Mouth,,,,,,,,,,,,,,,,,,,,,,,"
"Jung; Judy  ;1107027450;1;1;0;5;5;3;0;21;1;19;Production Technician I;MA;2446;04/17/86;F;Married;US Citizen;No;White;1-10-2011;4-1-2016;unhappy;Voluntarily Terminated;Production       ;Elijiah Gray;16;Monster.com;,,,,,,,,,,,,,,,,,,,,,,,"
"Trzeciak; Cybil;1107027551;0;0;0;5;5;3;0;22;1;20;Production Technician II;MA;1778;03/15/85;F;Single;US Citizen;No;White;1-10-2011;7-2-2012;unhappy;Voluntarily Terminated;Production       ;Amy Dunn;11;Vendor Referral;,,,,,,,,,,,,,,,,,,,,,,,"
"LeBel; Jonathan  R;1107027575;0;0;1;4;5;3;0;15;1;19;Production Technician I;MA;2050;10/18/81;M ;Single;US Citizen;No;White;2/21/2011;8-4-2011;attendance;Terminated for Cause;Production       ;Kelley Spirea;18;Social Networks - Facebook Twitter etc;,,,,,,,,,,,,,,,,,,,,,,,"
"Petrowsky; Thelma;1108027853;1;1;0;1;3;4;0;42.75;0;9;Data Analyst;MA;1886;09/16/84;F;Married;US Citizen;No;Asian;11-10-2014;;N/A - still employed;Active;IT/IS;Simon Roup;4;Employee Referral;,,,,,,,,,,,,,,,,,,,,,,,"
"Lajiri;  Jyoti;1108028108;1;1;1;3;3;3;0;56.2;0;28;Sr. Network Engineer;MA;2169;04/23/86;M ;Married;US Citizen;No;White;11-10-2014;;N/A - still employed;Leave of Absence;IT/IS;Peter Monroe;7;Employee Referral;,,,,,,,,,,,,,,,,,,,,,,,"
"Gosciminski; Phylicia  ;1108028351;0;3;0;3;5;3;0;27;0;20;Production Technician II;MA;1824;12-8-1983;F;Separated;US Citizen;No;American Indian or Alaska Native;9/30/2013;;N/A - still employed;Leave of Absence;Production       ;Kissy Sullivan;20;Word of Mouth;,,,,,,,,,,,,,,,,,,,,,,,"
"Faller; Megan ;1108028428;1;1;0;1;5;3;0;27;0;20;Production Technician II;MA;1824;09/22/78;F;Married;US Citizen;No;Black or African American;7-7-2014;;N/A - still employed;Active;Production       ;Elijiah Gray;16;Professional Society;,,,,,,,,,,,,,,,,,,,,,,,"
"Fitzpatrick; Michael  J;1109029103;0;0;1;5;5;3;0;29;1;20;Production Technician II;MA;2143;10-1-1981;M ;Single;US Citizen;Yes;White;5/16/2011;06/24/13;hours;Voluntarily Terminated;Production       ;Amy Dunn;11;Social Networks - Facebook Twitter etc;,,,,,,,,,,,,,,,,,,,,,,,"
"Perry; Shakira;1109029186;0;0;0;5;5;3;0;22;1;19;Production Technician I;MA;2176;07/20/86;F;Single;US Citizen;No;White;5/16/2011;10/25/15;medical issues;Voluntarily Terminated;Production       ;Amy Dunn;11;MBTA ads;,,,,,,,,,,,,,,,,,,,,,,,"
"Medeiros; Jennifer;1109029256;0;0;0;1;5;3;0;20;0;19;Production Technician I;MA;2346;09/22/76;F;Single;US Citizen;No;White;3/30/2015;;N/A - still employed;Active;Production       ;Michael Albert;22;Monster.com;,,,,,,,,,,,,,,,,,,,,,,,"
"Kampew; Donysha;1109029264;0;0;0;5;6;3;0;60.25;1;21;Sales Manager;PA;19444;11-11-1989;F;Single;US Citizen;No;White;11-7-2011;04/24/14;maternity leave - did not return;Voluntarily Terminated;Sales;Debra Houlihan;15;Social Networks - Facebook Twitter etc;,,,,,,,,,,,,,,,,,,,,,,,"
"Bernstein; Sean;1109029366;0;0;1;1;5;3;0;16;0;19;Production Technician I;MA;2072;12/22/70;M ;Single;US Citizen;Yes;White;4-2-2012;;N/A - still employed;Active;Production       ;Amy Dunn;11;Word of Mouth;,,,,,,,,,,,,,,,,,,,,,,,"
"Panjwani; Nina;1109029531;1;1;0;5;5;3;0;18;1;19;Production Technician I;MA;2351;5-1-1979;F;Married;US Citizen;No;White;2-7-2011;1-12-2014;Another position;Voluntarily Terminated;Production       ;Elijiah Gray;16;Social Networks - Facebook Twitter etc;,,,,,,,,,,,,,,,,,,,,,,,"
"Harrington; Christie ;1110029602;0;0;0;5;5;3;0;19.75;1;19;Production Technician I;MA;2324;08/18/52;F;Single;US Citizen;No;White;1-9-2012;12/15/15;retiring;Voluntarily Terminated;Production       ;Webster Butler;39;Monster.com;,,,,,,,,,,,,,,,,,,,,,,,"
"Manchester; Robyn;1110029623;1;1;0;2;5;3;0;23;0;20;Production Technician II;MA;2324;08/25/76;F;Married;US Citizen;No;White;5-11-2016;;N/A - Has not started yet;Future Start;Production       ;Webster Butler;;Vendor Referral;,,,,,,,,,,,,,,,,,,,,,,,"
"Zhou; Julia;1110029732;0;0;0;1;3;3;0;31.4;0;9;Data Analyst;MA;2148;02/24/79;F;Single;US Citizen;No;White;3/30/2015;;N/A - still employed;Active;IT/IS;Simon Roup;4;Employee Referral;,,,,,,,,,,,,,,,,,,,,,,,"
"Becker; Scott;1110029777;0;0;1;3;5;3;0;17;0;19;Production Technician I;MA;2452;4-6-1979;M ;Single;US Citizen;No;Asian;7-8-2013;;N/A - still employed;Leave of Absence;Production       ;Webster Butler;;MBTA ads;,,,,,,,,,,,,,,,,,,,,,,,"
"Butler; Webster  L;1110029990;0;0;1;1;5;4;0;55;0;18;Production Manager;MA;2169;8-9-1983;M ;Single;US Citizen;No;White;1/28/2016;;N/A - still employed;Active;Production       ;Janet King;2;Pay Per Click - Google;,,,,,,,,,,,,,,,,,,,,,,,"
"Chang; Donovan  E;1111030129;0;0;1;1;5;3;0;22;0;19;Production Technician I;MA;1845;08/24/83;M ;Single;US Citizen;No;White;7-8-2013;;N/A - still employed;Active;Production       ;Webster Butler;;Newspager/Magazine;,,,,,,,,,,,,,,,,,,,,,,,"
"Salter; Jason;1111030148;0;2;1;5;3;3;0;45;1;9;Data Analyst ;MA;2452;12/17/87;M ;Divorced;US Citizen;No;Black or African American;1-5-2015;10/31/15;hours;Voluntarily Terminated;IT/IS;Simon Roup;4;Vendor Referral;,,,,,,,,,,,,,,,,,,,,,,,"
"Stanford;Barbara  M;1111030244;0;2;0;1;5;3;0;14;0;19;Production Technician I;MA;2050;08/25/82;F;Divorced;US Citizen;No;Two or more races;1-10-2011;;N/A - still employed;Active;Production       ;Kissy Sullivan;20;Word of Mouth;,,,,,,,,,,,,,,,,,,,,,,,"
"Roehrich; Bianca;1111030266;0;0;0;5;3;3;0;58.5;1;29;Principal Data Architect;MA;2703;05/27/73;F;Single;US Citizen;Yes;White;1-5-2015;11-10-2015;Another position;Voluntarily Terminated;IT/IS;Simon Roup;4;Vendor Referral;,,,,,,,,,,,,,,,,,,,,,,,"
"Villanueva; Noah;1111030503;0;0;1;1;6;3;0;56;0;3;Area Sales Manager;ME;4063;7-11-1989;M ;Single;US Citizen;No;Asian;3-5-2012;;N/A - still employed;Active;Sales;John Smith;17;Website Banner Ads;,,,,,,,,,,,,,,,,,,,,,,,"
"Nguyen; Dheepa;1111030684;0;0;0;1;6;3;0;55;0;3;Area Sales Manager;GA;30428;03/31/89;F;Single;US Citizen;No;Two or more races;7-8-2013;;N/A - still employed;Active;Sales;Lynn Daneault;21;Pay Per Click - Google;,,,,,,,,,,,,,,,,,,,,,,,"
"Zamora; Jennifer;1112030816;0;0;0;1;3;4;0;65;0;6;CIO;MA;2067;08/30/79;F;Single;US Citizen;No;White;4-10-2010;;N/A - still employed;Active;IT/IS;Janet King;2;Employee Referral;,,,,,,,,,,,,,,,,,,,,,,,"
"Patronick; Luke;1112030979;0;0;1;5;4;4;1;52.25;1;24;Software Engineer;MA;1844;02/20/79;M ;Single;US Citizen;No;Asian;11-7-2011;9-7-2015;Another position;Voluntarily Terminated;Software Engineering;Alex Sweetwater;10;Diversity Job Fair;,,,,,,,,,,,,,,,,,,,,,,,"
"Foss; Jason;1192991000;0;0;1;1;3;4;0;65;0;12;IT Director;MA;1460;7-5-1980;M ;Single;US Citizen;No;Black or African American;4/15/2011;;N/A - still employed;Active;IT/IS;Jennifer Zamora;5;Professional Society;,,,,,,,,,,,,,,,,,,,,,,,"
"MacLennan; Samuel;1201031032;0;4;1;5;5;3;0;15;1;19;Production Technician I;MA;1938;11-9-1972;M ;Widowed;US Citizen;No;White;9/24/2012;09/26/12;hours;Voluntarily Terminated;Production       ;Amy Dunn;11;Pay Per Click;,,,,,,,,,,,,,,,,,,,,,,,"
"Davis; Daniel;1201031274;0;0;1;1;5;3;0;25;0;20;Production Technician II;MA;2458;09/14/79;M ;Single;Eligible NonCitizen;No;Two or more races;11-7-2011;;N/A - still employed;Active;Production       ;Kissy Sullivan;20;Newspager/Magazine;,,,,,,,,,,,,,,,,,,,,,,,"
"Foster-Baker; Amy;1201031308;1;1;0;1;1;3;0;34.95;0;26;Sr. Accountant;MA;2050;04/16/79;F;Married;US Citizen;no;White;1-5-2009;;N/A - still employed;Active;Admin Offices;Board of Directors;9;Other;,,,,,,,,,,,,,,,,,,,,,,,"
"Sullivan; Timothy;1201031310;1;1;1;1;5;3;0;19;0;19;Production Technician I;MA;2747;10-7-1982;M ;Married;US Citizen;Yes;White;1-5-2015;;N/A - still employed;Active;Production       ;Michael Albert;22;Word of Mouth;,,,,,,,,,,,,,,,,,,,,,,,"
"Szabo; Andrew;1201031324;0;0;1;1;4;4;0;48;0;24;Software Engineer;MA;2140;5-6-1983;M ;Single;US Citizen;No;White;7-7-2014;;N/A - still employed;Active;Software Engineering;Alex Sweetwater;10;MBTA ads;,,,,,,,,,,,,,,,,,,,,,,,"
"Jackson; Maryellen;1201031438;0;0;0;1;5;3;0;20;0;19;Production Technician I;MA;2081;9-11-1972;F;Single;US Citizen;No;White;11-5-2012;;N/A - still employed;Active;Production       ;David Stanley;14;Newspager/Magazine;,,,,,,,,,,,,,,,,,,,,,,,"
"Dobrin; Denisa  S;1202031618;0;0;0;1;5;3;0;16.75;0;19;Production Technician I;MA;2125;10-7-1986;F;Single;US Citizen;Yes;White;4-2-2012;;N/A - still employed;Active;Production       ;David Stanley;14;Monster.com;,,,,,,,,,,,,,,,,,,,,,,,"
"Pelletier; Ermine;1202031821;1;1;0;5;5;2;0;28;1;20;Production Technician II;MA;2472;07/18/89;F;Married;US Citizen;No;Asian;7-5-2011;09/15/11;unhappy;Voluntarily Terminated;Production       ;Amy Dunn;11;Monster.com;,,,,,,,,,,,,,,,,,,,,,,,"
"Givens; Myriam;1203032099;0;0;0;1;6;3;0;55;0;3;Area Sales Manager;IN;46204;09/22/89;F;Single;US Citizen;No;White;2/16/2015;;N/A - still employed;Active;Sales;Lynn Daneault;21;Pay Per Click - Google;,,,,,,,,,,,,,,,,,,,,,,,"
"Veera; Abdellah ;1203032235;0;2;1;5;5;4;0;19;1;19;Production Technician I;MA;2171;01/31/87;M ;Divorced;US Citizen;No;White;8/13/2012;2-5-2016;maternity leave - did not return;Voluntarily Terminated;Production       ;Kissy Sullivan;20;Information Session;,,,,,,,,,,,,,,,,,,,,,,,"
"Rogers; Ivan;1203032255;1;1;1;1;3;3;0;42.2;0;9;Data Analyst;MA;1810;08/26/86;M ;Married;US Citizen;No;White;3/30/2015;;N/A - still employed;Active;IT/IS;Simon Roup;4;Pay Per Click - Google;,,,,,,,,,,,,,,,,,,,,,,,"
"Soto; Julia ;1203032263;1;1;0;1;3;3;0;27.49;0;14;IT Support;MA;2360;3-12-1973;F;Married;US Citizen;No;Black or African American;6-10-2011;;N/A - still employed;Active;IT/IS;Eric Dougall;6;Information Session;,,,,,,,,,,,,,,,,,,,,,,,"
"Nguyen; Lei-Ming;1203032357;0;0;0;1;5;3;0;19;0;19;Production Technician I;MA;2132;7-7-1984;F;Single;US Citizen;No;White;7-8-2013;;N/A - still employed;Active;Production       ;David Stanley;14;Vendor Referral;,,,,,,,,,,,,,,,,,,,,,,,"
"Del Bosque; Keyla;1203032498;0;0;0;1;4;3;0;57.12;0;24;Software Engineer;MA;2176;7-5-1979;F;Single;US Citizen;No;Black or African American;1-9-2012;;N/A - still employed;Active;Software Engineering;Alex Sweetwater;10;Monster.com;,,,,,,,,,,,,,,,,,,,,,,,"
"Friedman; Gerry;1204032843;0;0;1;1;6;3;1;55.5;0;3;Area Sales Manager;NY;10171;02/24/69;M ;Single;US Citizen;Yes;Two or more races;3-7-2011;;N/A - still employed;Active;Sales;John Smith;17;Diversity Job Fair;,,,,,,,,,,,,,,,,,,,,,,,"
"Girifalco; Evelyn;1204032927;0;0;0;1;5;4;0;16;0;19;Production Technician I;MA;2451;5-8-1980;F;Single;US Citizen;Yes;Two or more races;9/29/2014;;N/A - still employed;Active;Production       ;Amy Dunn;11;Professional Society;,,,,,,,,,,,,,,,,,,,,,,,"
"Ndzi; Colombui;1204033041;0;0;1;5;5;3;1;18;1;19;Production Technician I;MA;2110;5-2-1989;M ;Single;US Citizen;No;Black or African American;9/26/2011;4-4-2014;return to school;Voluntarily Terminated;Production       ;Webster Butler;39;Diversity Job Fair;,,,,,,,,,,,,,,,,,,,,,,,"
"Ndzi; Horia;1204033044;1;1;1;5;5;3;0;22;1;19;Production Technician I;MA;2421;03/28/83;M ;Married;US Citizen;No;White;4-1-2013;05/25/16;more money;Voluntarily Terminated;Production       ;Amy Dunn;11;Employee Referral;,,,,,,,,,,,,,,,,,,,,,,,"
"Shields; Seffi;1205033102;1;1;0;1;5;3;0;15;0;19;Production Technician I;MA;2149;08/24/85;F;Married;US Citizen;No;White;8/19/2013;;N/A - still employed;Active;Production       ;Amy Dunn;11;Newspager/Magazine;,,,,,,,,,,,,,,,,,,,,,,,"
"Wolk; Hang  T;1205033180;0;0;0;1;5;3;0;22;0;20;Production Technician II;MA;2302;04/20/85;F;Single;US Citizen;No;White;9/29/2014;;N/A - still employed;Active;Production       ;David Stanley;14;Newspager/Magazine;,,,,,,,,,,,,,,,,,,,,,,,"
"Miller; Ned;1205033439;0;0;1;5;5;1;0;25;1;20;Production Technician II;MA;2472;06/29/85;M ;Single;US Citizen;No;White;8/15/2011;9-4-2014;unhappy;Voluntarily Terminated;Production       ;Brannon Miller;12;MBTA ads;,,,,,,,,,,,,,,,,,,,,,,,"
"Robinson; Alain  ;1206038000;1;1;1;5;5;3;0;24;1;19;Production Technician I;MA;1420;1-7-1974;M ;Married;US Citizen;No;Black or African American;1-10-2011;01/26/16;attendance;Voluntarily Terminated;Production       ;Amy Dunn;11;Glassdoor;,,,,,,,,,,,,,,,,,,,,,,,"
"Linares; Marilyn ;1206042315;1;1;0;5;5;3;0;15.25;1;19;Production Technician I;MA;1886;03/26/81;F;Married;US Citizen;No;White;7-5-2011;09/26/11;unhappy;Voluntarily Terminated;Production       ;Michael Albert;22;Internet Search;,,,,,,,,,,,,,,,,,,,,,,,"
"Quinn; Sean;1206043417;1;1;1;5;1;3;1;55;1;23;Shared Services Manager;MA;2045;11-6-1984;M ;Married;Eligible NonCitizen;No;Black or African American;2/21/2011;08/15/15;career change;Voluntarily Terminated;Admin Offices;Janet King;2;Diversity Job Fair;,,,,,,,,,,,,,,,,,,,,,,,"
"O'hare; Lynn;1206044851;0;0;0;4;5;1;0;18.5;1;19;Production Technician I;MA;2152;09/30/80;F;Single;US Citizen;No;Two or more races;3/31/2014;5-1-2016;performance;Terminated for Cause;Production       ;Kissy Sullivan;20;Professional Society;,,,,,,,,,,,,,,,,,,,,,,,"
"Homberger; Adrienne  J;1207046956;1;1;0;5;5;3;0;28;1;20;Production Technician II;MA;2445;02/16/84;F;Married;Non-Citizen;No;White;8/15/2011;4-7-2012;relocation out of area;Voluntarily Terminated;Production       ;Michael Albert;30;Glassdoor;,,,,,,,,,,,,,,,,,,,,,,,"
"Chace; Beatrice ;1208048062;0;0;0;1;5;3;0;16;0;19;Production Technician I;MA;2763;1-2-1951;F;Single;US Citizen;No;White;9/29/2014;;N/A - still employed;Active;Production       ;Michael Albert;22;Search Engine - Google Bing Yahoo;,,,,,,,,,,,,,,,,,,,,,,,"
"Rarrick; Quinn;1208048229;0;2;1;5;5;3;0;21;1;19;Production Technician I;MA;2478;12/31/84;M ;Divorced;US Citizen;No;White;9/26/2011;4-7-2012;more money;Voluntarily Terminated;Production       ;Michael Albert;22;Pay Per Click - Google;,,,,,,,,,,,,,,,,,,,,,,,"
"DiNocco; Lily ;1209048696;1;1;0;1;5;2;0;22;0;19;Production Technician I;MA;2351;12-2-1978;F;Married;US Citizen;No;Black or African American;1-7-2013;;N/A - still employed;Active;Production       ;Brannon Miller;12;Pay Per Click - Google;,,,,,,,,,,,,,,,,,,,,,,,"
"Close; Phil;1209048697;1;1;1;5;5;3;0;26;1;20;Production Technician II;MA;2169;11/25/78;M ;Married;US Citizen;No;White;8/30/2010;09/26/11;career change;Voluntarily Terminated;Production       ;David Stanley;14;Other;,,,,,,,,,,,,,,,,,,,,,,,"
"Martins; Joseph;1209048771;0;0;1;1;6;3;0;56;0;3;Area Sales Manager;TX;78207;6-11-1970;M ;Single;Eligible NonCitizen;No;Black or African American;5/14/2012;;N/A - still employed;Active;Sales;Lynn Daneault;21;Employee Referral;,,,,,,,,,,,,,,,,,,,,,,,"
"Mahoney; Lauren  ;1209049259;0;0;0;1;5;3;0;17;0;19;Production Technician I;MA;2189;7-7-1986;F;Single;US Citizen;No;White;1-6-2014;;N/A - still employed;Active;Production       ;Ketsia Liebig;19;Newspager/Magazine;,,,,,,,,,,,,,,,,,,,,,,,"
"McKinzie; Jac;1209049326;1;1;1;2;6;3;0;55;0;3;Area Sales Manager;TX;78789;7-1-1984;M ;Married;US Citizen;No;Two or more races;7-6-2016;;N/A - Has not started yet;Future Start;Sales;Lynn Daneault;21;Website Banner Ads;,,,,,,,,,,,,,,,,,,,,,,,"
"Howard; Estelle;1211050782;1;1;0;1;1;3;0;21.5;1;2;Administrative Assistant;MA;2170;09/16/85;F;Married;US Citizen;No;White;2/16/2015;04/15/15;;Terminated for Cause;Admin Offices;Brandon R. LeBlanc;1;Pay Per Click - Google;,,,,,,,,,,,,,,,,,,,,,,,"
"Rhoads; Thomas;1211050793;0;2;1;5;5;3;0;20;1;19;Production Technician I;MA;2176;07/22/82;M ;Divorced;US Citizen;Yes;White;5/16/2011;01/15/16;retiring;Voluntarily Terminated;Production       ;Elijiah Gray;16;Professional Society;,,,,,,,,,,,,,,,,,,,,,,,"
"Zima; Colleen;1211051232;0;4;0;1;5;3;0;15;0;19;Production Technician I;MA;1730;08/17/78;F;Widowed;US Citizen;No;Asian;9/29/2014;;N/A - still employed;Active;Production       ;David Stanley;14;On-campus Recruiting;,,,,,,,,,,,,,,,,,,,,,,,"
"Bachiochi; Linda;1212051409;0;0;0;3;5;3;1;22;0;19;Production Technician I;MA;1902;2-11-1970;F;Single;US Citizen;No;Two or more races;7-6-2009;;N/A - still employed;Leave of Absence;Production       ;Brannon Miller;12;Diversity Job Fair;,,,,,,,,,,,,,,,,,,,,,,,"
"Barton; Nader;1212051962;0;2;1;5;5;3;0;18;1;19;Production Technician I;MA;2747;07/15/77;M ;Divorced;US Citizen;No;White;9/24/2012;4-6-2013;Another position;Voluntarily Terminated;Production       ;Michael Albert;22;On-line Web application;,,,,,,,,,,,,,,,,,,,,,,,"
"Bacong; Alejandro ;1212052023;0;2;1;1;3;3;0;45;0;14;IT Support;MA;1886;1-7-1988;M ;Divorced;US Citizen;No;White;1-5-2015;;N/A - still employed;Active;IT/IS;Peter Monroe;7;Glassdoor;,,,,,,,,,,,,,,,,,,,,,,,"
"Athwal; Sam;1301052124;0;4;1;1;5;3;0;22;0;19;Production Technician I;MA;2199;02/18/83;M ;Widowed;US Citizen;No;White;9/30/2013;;N/A - still employed;Active;Production       ;Ketsia Liebig;19;Employee Referral;,,,,,,,,,,,,,,,,,,,,,,,"
"Warfield; Sarah;1301052347;0;4;0;1;3;3;0;55.2;0;28;Sr. Network Engineer;MA;2453;5-2-1978;F;Widowed;US Citizen;No;Asian;3/30/2015;;N/A - still employed;Active;IT/IS;Peter Monroe;7;Employee Referral;,,,,,,,,,,,,,,,,,,,,,,,"
"Moumanil; Maliki ;1301052436;0;3;1;1;5;3;0;29;0;20;Production Technician II;MA;1460;12-1-1974;M ;Separated;US Citizen;No;Black or African American;5/13/2013;;N/A - still employed;Active;Production       ;Michael Albert;22;On-campus Recruiting;,,,,,,,,,,,,,,,,,,,,,,,"
"Burkett; Benjamin ;1301052449;1;1;1;1;5;3;0;26;0;20;Production Technician II;MA;1890;08/19/77;M ;Married;US Citizen;No;White;4-4-2011;;N/A - still employed;Active;Production       ;Ketsia Liebig;19;Careerbuilder;,,,,,,,,,,,,,,,,,,,,,,,"
"Keatts; Kramer ;1301052462;0;0;1;1;5;3;0;19;0;19;Production Technician I;MA;1887;01/19/76;M ;Single;US Citizen;No;White;9/30/2013;;N/A - still employed;Active;Production       ;Michael Albert;22;Billboard;,,,,,,,,,,,,,,,,,,,,,,,"
"Clayton; Rick;1301052902;0;0;1;1;3;3;0;28.99;0;14;IT Support;MA;2170;9-5-1985;M ;Single;US Citizen;No;White;9-5-2012;;N/A - still employed;Active;IT/IS;Eric Dougall;6;Glassdoor;,,,,,,,,,,,,,,,,,,,,,,,"
"Newman; Richard ;1302053044;1;1;1;3;5;3;0;21;0;19;Production Technician I;MA;2136;4-8-1977;M ;Married;US Citizen;No;White;5-12-2014;;N/A - still employed;Leave of Absence;Production       ;Ketsia Liebig;19;On-campus Recruiting;,,,,,,,,,,,,,,,,,,,,,,,"
"Gill; Whitney  ;1302053046;0;4;0;4;6;3;0;55;1;3;Area Sales Manager;OH;43050;7-10-1971;F;Widowed;US Citizen;No;Black or African American;7-7-2014;9-5-2015;attendance;Terminated for Cause;Sales;John Smith;17;Monster.com;,,,,,,,,,,,,,,,,,,,,,,,"
"Steans; Tyrone  ;1302053333;0;0;1;1;1;3;0;29;0;1;Accountant I;MA;2703;9-1-1986;M ;Single;US Citizen;No;White;9/29/2014;;N/A - still employed;Active;Admin Offices;Brandon R. LeBlanc;1;Internet Search;,,,,,,,,,,,,,,,,,,,,,,,"
"Fernandes; Nilson  ;1302053339;1;1;1;1;5;1;0;18;0;19;Production Technician I;MA;2132;10/18/89;M ;Married;US Citizen;No;White;5-11-2015;;N/A - still employed;Active;Production       ;Amy Dunn;11;Professional Society;,,,,,,,,,,,,,,,,,,,,,,,"
"Sander; Kamrin;1302053362;1;1;0;1;5;3;0;21;0;19;Production Technician I;MA;2154;7-10-1988;F;Married;US Citizen;No;Black or African American;9/29/2014;;N/A - still employed;Active;Production       ;Elijiah Gray;16;On-campus Recruiting;,,,,,,,,,,,,,,,,,,,,,,,"
"Beak; Kimberly  ;1303054329;1;1;0;2;5;4;0;27;0;20;Production Technician II;MA;2145;04/17/66;F;Married;US Citizen;No;White;7/21/2016;;N/A - Has not started yet;Future Start;Production       ;Kelley Spirea;18;Employee Referral;,,,,,,,,,,,,,,,,,,,,,,,"
"Bozzi; Charles;1303054580;0;0;1;5;5;3;0;50.5;1;18;Production Manager;MA;1901;3-10-1970;M ;Single;US Citizen;No;Asian;9/30/2013;8-7-2014;retiring;Voluntarily Terminated;Production       ;Janet King;2;Billboard;,,,,,,,,,,,,,,,,,,,,,,,"
"Martin; Sandra;1303054625;0;0;0;1;4;3;0;55.51;0;24;Software Engineer;MA;2135;11-7-1987;F;Single;US Citizen;No;Asian;11-11-2013;;N/A - still employed;Active;Software Engineering;Alex Sweetwater;10;Search Engine - Google Bing Yahoo;,,,,,,,,,,,,,,,,,,,,,,,"
"Knapp; Bradley  J;1304055683;0;0;1;1;5;3;0;14;0;19;Production Technician I;MA;1721;11-10-1977;M ;Single;US Citizen;No;Black or African American;2/17/2014;;N/A - still employed;Active;Production       ;Ketsia Liebig;19;On-campus Recruiting;,,,,,,,,,,,,,,,,,,,,,,,"
"Anderson; Linda  ;1304055947;0;0;0;1;5;4;0;23;0;19;Production Technician I;MA;1844;05/22/77;F;Single;US Citizen;No;White;1-9-2012;;N/A - still employed;Active;Production       ;Amy Dunn;11;MBTA ads;,,,,,,,,,,,,,,,,,,,,,,,"
"Mancuso; Karen;1304055986;1;1;0;5;5;3;0;23;1;20;Production Technician II;MA;2176;12-10-1986;F;Married;US Citizen;No;Two or more races;7-5-2011;08/19/11;Another position;Voluntarily Terminated;Production       ;Amy Dunn;11;Newspager/Magazine;,,,,,,,,,,,,,,,,,,,,,,,"
"Langton; Enrico;1304055987;1;1;1;1;5;3;0;17;0;19;Production Technician I;MA;2048;12-9-1986;M ;Married;US Citizen;No;White;7-9-2012;;N/A - still employed;Active;Production       ;David Stanley;14;Newspager/Magazine;,,,,,,,,,,,,,,,,,,,,,,,"
"Lundy; Susan;1305056276;0;4;0;5;5;3;0;24;1;20;Production Technician II;MA;2122;12/26/76;F;Widowed;US Citizen;No;White;7-8-2013;09/15/13;more money;Voluntarily Terminated;Production       ;Michael Albert;22;On-campus Recruiting;,,,,,,,,,,,,,,,,,,,,,,,"
"Chan; Lin;1305057282;0;0;0;1;5;3;0;19.5;0;19;Production Technician I;MA;2170;2-12-1979;F;Single;US Citizen;No;White;5-12-2014;;N/A - still employed;Active;Production       ;Elijiah Gray;16;Internet Search;,,,,,,,,,,,,,,,,,,,,,,,"
"Pham; Hong;1305057440;1;1;1;5;5;3;0;18;1;19;Production Technician I;MA;2451;3-6-1988;M ;Married;US Citizen;No;White;7-5-2011;11/30/12;more money;Voluntarily Terminated;Production       ;Brannon Miller;12;Search Engine - Google Bing Yahoo;,,,,,,,,,,,,,,,,,,,,,,,"
"Johnston; Yen;1306057810;0;0;0;1;5;4;0;25;0;20;Production Technician II;MA;2128;9-8-1969;F;Single;US Citizen;No;White;7-7-2014;;N/A - still employed;Active;Production       ;Brannon Miller;12;Professional Society;,,,,,,,,,,,,,,,,,,,,,,,"
"Mullaney; Howard;1306057978;0;0;1;1;6;1;0;55;0;3;Area Sales Manager;AL;36006;11-2-1975;M ;Single;US Citizen;No;Two or more races;9/29/2014;;N/A - still employed;Active;Sales;John Smith;17;Internet Search;,,,,,,,,,,,,,,,,,,,,,,,"
"Huynh; Ming;1306058509;0;2;0;5;5;3;0;23;1;20;Production Technician II;MA;1742;09/22/76;F;Divorced;US Citizen;No;White;2/21/2011;4-1-2013;unhappy;Voluntarily Terminated;Production       ;Amy Dunn;11;Search Engine - Google Bing Yahoo;,,,,,,,,,,,,,,,,,,,,,,,"
"DeGweck;  James;1306058816;1;1;1;5;5;3;0;23.5;1;19;Production Technician I;MA;1810;10/31/77;M ;Married;US Citizen;No;White;5/16/2011;6-8-2015;unhappy;Voluntarily Terminated;Production       ;Webster Butler;39;Billboard;,,,,,,,,,,,,,,,,,,,,,,,"
"Digitale; Alfred;1306059197;1;1;1;1;6;3;0;56;0;3;Area Sales Manager;NH;3062;09/14/88;M ;Married;US Citizen;No;American Indian or Alaska Native;8/18/2014;;N/A - still employed;Active;Sales;John Smith;17;Pay Per Click - Google;,,,,,,,,,,,,,,,,,,,,,,,"
"Singh; Nan ;1307059817;0;0;0;1;1;3;0;16.56;0;2;Administrative Assistant;MA;2330;05/19/88;F;Single;US Citizen;No;White;5-1-2015;;N/A - still employed;Active;Admin Offices;Brandon R. LeBlanc;1;Website Banner Ads;,,,,,,,,,,,,,,,,,,,,,,,"
"Hankard; Earnest;1307059937;0;0;1;1;5;3;0;24;0;20;Production Technician II;MA;2155;8-10-1988;M ;Single;US Citizen;Yes;White;11-11-2013;;N/A - still employed;Active;Production       ;Kelley Spirea;18;Newspager/Magazine;,,,,,,,,,,,,,,,,,,,,,,,"
"Peterson; Kayla ;1307059944;1;1;0;1;5;3;0;17;0;19;Production Technician I;MA;1749;09/23/73;F;Married;US Citizen;No;White;4/26/2010;;N/A - still employed;Active;Production       ;Ketsia Liebig;19;Search Engine - Google Bing Yahoo;,,,,,,,,,,,,,,,,,,,,,,,"
"Pelech; Emil;1307060058;0;0;1;5;5;2;0;24;1;19;Production Technician I;MA;2458;03/17/88;M ;Single;US Citizen;No;Black or African American;1-10-2011;12/28/12;career change;Voluntarily Terminated;Production       ;Webster Butler;39;Search Engine - Google Bing Yahoo;,,,,,,,,,,,,,,,,,,,,,,,"
"Gray; Elijiah  ;1307060077;0;2;1;1;5;3;0;54;0;18;Production Manager;MA;1752;7-11-1981;M ;Divorced;US Citizen;No;White;6-2-2015;;N/A - still employed;Active;Production       ;Janet King;2;Employee Referral;,,,,,,,,,,,,,,,,,,,,,,,"
"Baczenski; Rachael  ;1307060083;1;1;0;5;5;3;1;17;1;19;Production Technician I;MA;1902;1-12-1974;F;Married;US Citizen;Yes;Hispanic;1-10-2011;1-12-2011;Another position;Voluntarily Terminated;Production       ;David Stanley;14;Diversity Job Fair;,,,,,,,,,,,,,,,,,,,,,,,"
"Boutwell; Bonalyn;1307060188;1;1;0;1;1;3;1;34.95;0;26;Sr. Accountant;MA;2468;4-4-1987;F;Married;US Citizen;No;Asian;2/16/2015;;N/A - still employed;Active;Admin Offices;Brandon R. LeBlanc;3;Diversity Job Fair;,,,,,,,,,,,,,,,,,,,,,,,"
"Ait Sidi; Karthikeyan   ;1307060199;1;1;1;5;3;3;0;62;1;27;Sr. DBA;MA;2148;5-5-1975;M ;Married;US Citizen;No;White;3/30/2015;06/16/16;career change;Voluntarily Terminated;IT/IS;Simon Roup;4;Company Intranet - Partner;,,,,,,,,,,,,,,,,,,,,,,,"
"Whittier; Scott;1307060212;0;0;1;5;5;3;0;23;1;19;Production Technician I;MA;2030;05/24/87;M ;Single;US Citizen;Yes;White;1-10-2011;05/15/11;hours;Voluntarily Terminated;Production       ;Webster Butler;39;Newspager/Magazine;,,,,,,,,,,,,,,,,,,,,,,,"
"Billis; Helen;1308060366;1;1;0;1;5;4;0;16;0;19;Production Technician I;MA;2031;9-1-1989;F;Married;US Citizen;No;White;7-7-2014;;N/A - still employed;Active;Production       ;Brannon Miller;12;Professional Society;,,,,,,,,,,,,,,,,,,,,,,,"
"Sadki; Nore  ;1308060535;0;0;1;5;5;3;0;21;1;19;Production Technician I;MA;2148;12/21/74;M ;Single;US Citizen;No;White;1-5-2009;07/30/10;relocation out of area;Voluntarily Terminated;Production       ;Michael Albert;22;Word of Mouth;,,,,,,,,,,,,,,,,,,,,,,,"
"Gerke; Melisa;1308060622;0;2;0;5;5;3;1;22;1;19;Production Technician I;MA;2330;05/15/70;F;Divorced;US Citizen;No;White;11-7-2011;11/15/11;hours;Voluntarily Terminated;Production       ;Elijiah Gray;16;Diversity Job Fair;,,,,,,,,,,,,,,,,,,,,,,,"
"Williams; Jacquelyn  ;1308060671;0;0;0;5;5;3;1;16;1;19;Production Technician I;MA;2109;10-2-1969;F;Single;US Citizen;Yes;Two or more races;1-9-2012;06/27/15;relocation out of area;Voluntarily Terminated;Production       ;Ketsia Liebig;19;Diversity Job Fair;,,,,,,,,,,,,,,,,,,,,,,,"
"Mangal; Debbie;1308060754;1;1;0;1;5;3;0;23;0;19;Production Technician I;MA;2451;11-7-1974;F;Married;US Citizen;No;White;11-11-2013;;N/A - still employed;Active;Production       ;Brannon Miller;12;On-campus Recruiting;,,,,,,,,,,,,,,,,,,,,,,,"
"South; Joe;1308060959;0;0;1;1;3;3;0;53;0;28;Sr. Network Engineer;CT;6278;9-9-1965;M ;Single;US Citizen;No;White;11-10-2014;;N/A - still employed;Active;IT/IS;Peter Monroe;7;Employee Referral;,,,,,,,,,,,,,,,,,,,,,,,"
"Garcia; Raul;1309061015;0;0;1;1;5;3;0;19;0;19;Production Technician I;MA;1905;09/15/85;M ;Single;US Citizen;Yes;White;3/30/2015;;N/A - still employed;Active;Production       ;David Stanley;14;Employee Referral;,,,,,,,,,,,,,,,,,,,,,,,"
"Kretschmer; John;1311062610;1;1;1;1;5;3;0;21;0;19;Production Technician I;MA;1801;2-2-1980;M ;Married;US Citizen;No;Asian;1-10-2011;;N/A - still employed;Active;Production       ;Brannon Miller;12;Pay Per Click - Google;,,,,,,,,,,,,,,,,,,,,,,,"
"Carey; Michael  ;1311063114;0;0;1;1;5;3;0;20;0;19;Production Technician I;MA;1701;2-2-1983;M ;Single;US Citizen;No;Black or African American;3/31/2014;;N/A - still employed;Active;Production       ;Kelley Spirea;18;MBTA ads;,,,,,,,,,,,,,,,,,,,,,,,"
"Crimmings;   Jean;1311063172;0;0;0;2;5;3;0;19.75;0;19;Production Technician I;MA;1821;4-10-1987;F;Single;US Citizen;No;White;7-6-2016;;N/A - Has not started yet;Future Start;Production       ;Michael Albert;22;Newspager/Magazine;,,,,,,,,,,,,,,,,,,,,,,,"
"Barbara; Thomas;1312063507;1;1;1;5;5;3;1;22;1;19;Production Technician I;MA;2062;02/21/74;M ;Married;US Citizen;Yes;Asian;4-2-2012;09/19/12;unhappy;Voluntarily Terminated;Production       ;Kissy Sullivan;20;Diversity Job Fair;,,,,,,,,,,,,,,,,,,,,,,,"
"Goyal; Roxana;1312063675;1;1;0;3;5;3;0;24;0;19;Production Technician I;MA;1864;10-9-1974;F;Married;US Citizen;No;Asian;8/19/2013;;N/A - still employed;Leave of Absence;Production       ;Kissy Sullivan;20;On-campus Recruiting;,,,,,,,,,,,,,,,,,,,,,,,"
"Valentin;Jackie;1312063714;1;1;0;1;6;3;0;55;0;3;Area Sales Manager;AZ;85006;05/23/91;F;Married;US Citizen;No;Two or more races;7-5-2011;;N/A - still employed;Active;Sales;John Smith;17;Other;,,,,,,,,,,,,,,,,,,,,,,,"
"Maurice; Shana;1401064327;1;1;0;1;5;3;0;20;0;19;Production Technician I;MA;2330;11/22/77;F;Married;US Citizen;No;White;5/31/2011;;N/A - still employed;Active;Production       ;David Stanley;14;Other;,,,,,,,,,,,,,,,,,,,,,,,"
"Punjabhi; Louis  ;1401064562;0;0;1;1;5;3;0;16;0;19;Production Technician I;MA;2109;06/19/61;M ;Single;US Citizen;No;White;1-6-2014;;N/A - still employed;Active;Production       ;Kelley Spirea;18;Employee Referral;,,,,,,,,,,,,,,,,,,,,,,,"
"Terry; Sharlene ;1401064637;0;0;0;1;6;3;0;55;0;3;Area Sales Manager;OR;97756;5-7-1965;F;Single;US Citizen;No;Black or African American;9/29/2014;;N/A - still employed;Active;Sales;Lynn Daneault;21;Monster.com;,,,,,,,,,,,,,,,,,,,,,,,"
"Exantus; Susan;1401064670;1;1;0;4;4;2;0;48.5;1;24;Software Engineer;MA;1749;05/15/87;F;Married;US Citizen;No;Black or African American;5-2-2011;6-5-2013;attendance;Terminated for Cause;Software Engineering;Alex Sweetwater;10;Billboard;,,,,,,,,,,,,,,,,,,,,,,,"
"Fancett; Nicole;1402065085;0;0;0;1;5;3;0;24;0;20;Production Technician II;MA;2324;09/27/87;F;Single;US Citizen;No;Black or African American;2/17/2014;;N/A - still employed;Active;Production       ;Webster Butler;;Newspager/Magazine;,,,,,,,,,,,,,,,,,,,,,,,"
"Daneault; Lynn;1402065303;0;0;0;1;6;3;0;54;0;21;Sales Manager;VT;5473;04/19/90;F;Single;US Citizen;No;White;5-5-2014;;N/A - still employed;Active;Sales;Debra Houlihan;15;Pay Per Click - Google;,,,,,,,,,,,,,,,,,,,,,,,"
"Roberson; May;1402065340;0;2;0;5;5;3;0;26;1;20;Production Technician II;MA;1902;9-5-1981;F;Divorced;Eligible NonCitizen;No;White;9/26/2011;10/22/11;return to school;Voluntarily Terminated;Production       ;David Stanley;14;Search Engine - Google Bing Yahoo;,,,,,,,,,,,,,,,,,,,,,,,"
"Peterson; Ebonee  ;1402065355;1;1;0;5;5;3;0;38.5;1;18;Production Manager;MA;2030;5-9-1977;F;Married;US Citizen;No;White;10/25/2010;05/18/16;Another position;Voluntarily Terminated;Production       ;Janet King;2;Internet Search;,,,,,,,,,,,,,,,,,,,,,,,"
"Robinson; Cherly;1403065625;1;1;0;4;5;2;0;16;1;19;Production Technician I;MA;1460;1-7-1985;F;Married;US Citizen;No;White;1-10-2011;05/17/16;attendance;Terminated for Cause;Production       ;Ketsia Liebig;19;Glassdoor;,,,,,,,,,,,,,,,,,,,,,,,"
"Carter; Michelle ;1403065721;0;0;0;1;6;3;0;55;0;3;Area Sales Manager;VT;5664;05/15/63;F;Single;US Citizen;No;White;8/18/2014;;N/A - still employed;Active;Sales;John Smith;17;Billboard;,,,,,,,,,,,,,,,,,,,,,,,"
"Immediato; Walter;1403065874;1;1;1;5;5;2;0;42;1;18;Production Manager;MA;2128;11/15/76;M ;Married;US Citizen;No;Asian;2/21/2011;09/24/12;unhappy;Voluntarily Terminated;Production       ;Janet King;2;Other;,,,,,,,,,,,,,,,,,,,,,,,"
"Ngodup; Shari ;1403066020;0;3;0;1;5;4;1;15;0;19;Production Technician I;MA;1810;6-3-1967;F;Separated;US Citizen;No;Asian;4-1-2013;;N/A - still employed;Active;Production       ;Brannon Miller;12;Diversity Job Fair;,,,,,,,,,,,,,,,,,,,,,,,"
"Cornett; Lisa ;1403066069;1;1;0;1;5;3;0;15.75;0;19;Production Technician I;MA;2189;03/31/77;F;Married;US Citizen;Yes;White;1-5-2015;;N/A - still employed;Active;Production       ;Kelley Spirea;18;Billboard;,,,,,,,,,,,,,,,,,,,,,,,"
"Blount; Dianna;1403066125;0;0;0;1;5;2;0;27;0;20;Production Technician II;MA;2171;09/21/90;F;Single;US Citizen;No;White;4-4-2011;;N/A - still employed;Active;Production       ;Michael Albert;22;Monster.com;,,,,,,,,,,,,,,,,,,,,,,,"
"Beatrice; Courtney ;1403066194;0;0;0;1;5;3;0;22;0;19;Production Technician I;MA;1915;10/27/70;F;Single;Eligible NonCitizen;No;White;4-4-2011;;N/A - still employed;Active;Production       ;Elijiah Gray;16;Search Engine - Google Bing Yahoo;,,,,,,,,,,,,,,,,,,,,,,,"
"Harrison; Kara;1404066622;1;1;0;1;5;4;0;20;0;19;Production Technician I;MA;1886;5-2-1974;F;Married;US Citizen;No;White;5-12-2014;;N/A - still employed;Active;Production       ;Amy Dunn;11;Monster.com;,,,,,,,,,,,,,,,,,,,,,,,"
"Monkfish; Erasumus;1404066711;1;1;1;1;5;3;0;27;0;20;Production Technician II;MA;1450;08/17/92;M ;Married;US Citizen;No;White;11-7-2011;;N/A - still employed;Active;Production       ;David Stanley;14;Professional Society;,,,,,,,,,,,,,,,,,,,,,,,"
"Theamstern; Sophia;1404066739;0;0;0;5;5;3;0;20;1;19;Production Technician I;MA;2066;5-9-1965;F;Single;US Citizen;No;White;7-5-2011;9-5-2011;return to school;Voluntarily Terminated;Production       ;Amy Dunn;11;Billboard;,,,,,,,,,,,,,,,,,,,,,,,"
"Osturnka; Adeel;1404066949;1;1;1;1;5;4;0;16;0;19;Production Technician I;MA;2478;12-11-1976;M ;Married;US Citizen;No;White;9/30/2013;;N/A - still employed;Active;Production       ;Kelley Spirea;18;On-campus Recruiting;,,,,,,,,,,,,,,,,,,,,,,,"
"Handschiegl; Joanne;1405067064;1;1;0;1;5;3;0;24;0;19;Production Technician I;MA;2127;03/23/77;F;Married;US Citizen;No;White;11/28/2011;;N/A - still employed;Active;Production       ;Michael Albert;22;Word of Mouth;,,,,,,,,,,,,,,,,,,,,,,,"
"Squatrito; Kristen;1405067138;0;2;0;5;5;4;0;21;1;19;Production Technician I;MA;2359;03/26/73;F;Divorced;US Citizen;No;White;5/13/2013;06/29/15;unhappy;Voluntarily Terminated;Production       ;David Stanley;14;MBTA ads;,,,,,,,,,,,,,,,,,,,,,,,"
"Winthrop; Jordan  ;1405067188;0;0;1;5;5;4;0;29;1;20;Production Technician II;MA;2045;11-7-1958;M ;Single;US Citizen;No;White;1-7-2013;02/21/16;retiring;Voluntarily Terminated;Production       ;Brannon Miller;12;Professional Society;,,,,,,,,,,,,,,,,,,,,,,,"
"Sullivan; Kissy ;1405067298;1;1;0;1;5;3;0;55;0;18;Production Manager;MA;1776;03/28/78;F;Married;US Citizen;No;Black or African American;1-8-2009;;N/A - still employed;Active;Production       ;Janet King;2;Billboard;,,,,,,,,,,,,,,,,,,,,,,,"
"Rossetti; Bruno;1405067492;0;0;1;5;5;3;0;18;1;19;Production Technician I;MA;2155;03/18/87;M ;Single;US Citizen;No;White;4-4-2011;08/13/12;Another position;Voluntarily Terminated;Production       ;Kissy Sullivan;20;Search Engine - Google Bing Yahoo;,,,,,,,,,,,,,,,,,,,,,,,"
"Tavares; Desiree  ;1405067501;1;1;0;5;5;3;1;15;1;19;Production Technician I;MA;1801;4-3-1975;F;Married;Non-Citizen;No;Two or more races;4/27/2009;4-1-2013;Another position;Voluntarily Terminated;Production       ;Webster Butler;39;Diversity Job Fair;,,,,,,,,,,,,,,,,,,,,,,,"
"Linden; Mathew;1405067565;1;1;1;3;5;3;0;22;0;20;Production Technician II;MA;1770;03/19/79;M ;Married;US Citizen;No;White;7-8-2013;;N/A - still employed;Leave of Absence;Production       ;Kelley Spirea;18;Information Session;,,,,,,,,,,,,,,,,,,,,,,,"
"Rivera; Haley  ;1405067642;1;1;0;1;5;4;0;22;0;19;Production Technician I;MA;2171;1-12-1973;F;Married;US Citizen;No;Asian;11/28/2011;;N/A - still employed;Active;Production       ;Webster Butler;;Search Engine - Google Bing Yahoo;,,,,,,,,,,,,,,,,,,,,,,,"
"Eaton; Marianne;1406067865;1;1;0;5;5;3;0;17;1;19;Production Technician I;MA;2343;9-5-1991;F;Married;US Citizen;No;White;4-4-2011;6-6-2013;military;Voluntarily Terminated;Production       ;Kissy Sullivan;20;Search Engine - Google Bing Yahoo;,,,,,,,,,,,,,,,,,,,,,,,"
"McCarthy; Brigit;1406067957;0;0;0;1;5;3;0;26;0;20;Production Technician II;MA;2149;05/21/87;F;Single;US Citizen;No;White;3/30/2015;;N/A - still employed;Active;Production       ;Ketsia Liebig;19;Newspager/Magazine;,,,,,,,,,,,,,,,,,,,,,,,"
"Harrell; Ludwick;1406068241;1;1;1;1;5;3;0;21;0;19;Production Technician I;MA;1776;9-2-1982;M ;Married;US Citizen;No;Asian;5/14/2012;;N/A - still employed;Active;Production       ;Elijiah Gray;16;Search Engine - Google Bing Yahoo;,,,,,,,,,,,,,,,,,,,,,,,"
"Brill; Donna;1406068293;1;1;0;5;5;3;0;20;1;19;Production Technician I;MA;1701;08/24/90;F;Married;US Citizen;No;White;4-2-2012;06/15/13;Another position;Voluntarily Terminated;Production       ;David Stanley;14;Search Engine - Google Bing Yahoo;,,,,,,,,,,,,,,,,,,,,,,,"
"Tejeda; Lenora ;1406068345;1;1;0;5;5;3;0;28.75;1;20;Production Technician II;MA;2129;05/24/53;F;Married;US Citizen;No;White;5/16/2011;7-8-2012;Another position;Voluntarily Terminated;Production       ;Elijiah Gray;16;Search Engine - Google Bing Yahoo;,,,,,,,,,,,,,,,,,,,,,,,"
"Murray; Thomas;1406068403;0;2;1;1;3;4;1;35.5;0;9;Data Analyst;TX;78230;7-4-1988;M ;Divorced;US Citizen;No;Black or African American;11-10-2014;;N/A - still employed;Active;IT/IS;Simon Roup;4;Diversity Job Fair;,,,,,,,,,,,,,,,,,,,,,,,"
"Roby; Lori ;1407068885;1;1;0;1;3;3;0;39.55;0;9;Data Analyst;MA;1886;10-11-1981;F;Married;US Citizen;No;White;2/16/2015;;N/A - still employed;Active;IT/IS;Simon Roup;4;Employee Referral;,,,,,,,,,,,,,,,,,,,,,,,"
"Sutwell; Barbara;1407069061;0;0;0;1;5;3;0;14;0;19;Production Technician I;MA;2718;08/15/68;F;Single;Eligible NonCitizen;No;Asian;5/14/2012;;N/A - still employed;Active;Production       ;Elijiah Gray;16;Glassdoor;,,,,,,,,,,,,,,,,,,,,,,,"
"Clukey; Elijian;1407069280;1;1;1;2;5;4;0;24.75;0;19;Production Technician I;MA;2134;08/26/80;M ;Married;US Citizen;No;White;7-6-2016;;N/A - Has not started yet;Future Start;Production       ;Brannon Miller;12;Employee Referral;,,,,,,,,,,,,,,,,,,,,,,,"
"Leach; Dallas;1408069409;0;0;0;5;5;3;0;19;1;19;Production Technician I;MA;1810;01/17/79;F;Single;US Citizen;No;Asian;9/26/2011;08/19/13;return to school;Voluntarily Terminated;Production       ;Kissy Sullivan;20;Monster.com;,,,,,,,,,,,,,,,,,,,,,,,"
"Dietrich; Jenna  ;1408069481;0;0;0;1;6;1;0;55;0;3;Area Sales Manager;WA;98052;05/14/87;F;Single;US Citizen;Yes;White;2/20/2012;;N/A - still employed;Active;Sales;John Smith;17;Website Banner Ads;,,,,,,,,,,,,,,,,,,,,,,,"
"Moran; Patrick;1408069503;0;0;1;3;5;3;1;26;0;20;Production Technician II;MA;2127;12-3-1976;M ;Single;US Citizen;No;Hispanic;1-9-2012;;N/A - still employed;Leave of Absence;Production       ;Kelley Spirea;18;Diversity Job Fair;,,,,,,,,,,,,,,,,,,,,,,,"
"Gold; Shenice  ;1408069539;0;0;0;1;5;3;0;17;0;19;Production Technician I;MA;2451;06/18/92;F;Single;US Citizen;Yes;White;11-11-2013;;N/A - still employed;Active;Production       ;Ketsia Liebig;19;Glassdoor;,,,,,,,,,,,,,,,,,,,,,,,"
"Bugali; Josephine ;1408069635;0;3;0;3;5;3;1;20;0;19;Production Technician I;MA;2043;10/30/69;F;Separated;US Citizen;No;Black or African American;11-11-2013;;N/A - still employed;Leave of Absence;Production       ;Kissy Sullivan;20;Diversity Job Fair;,,,,,,,,,,,,,,,,,,,,,,,"
"Ivey; Rose ;1408069882;0;0;0;1;5;3;0;16;0;19;Production Technician I;MA;1775;01/28/91;F;Single;US Citizen;No;White;8/19/2013;;N/A - still employed;Active;Production       ;Brannon Miller;12;Professional Society;,,,,,,,,,,,,,,,,,,,,,,,"
"Dunn; Amy  ;1409070147;0;0;0;1;5;3;0;51;0;18;Production Manager;MA;1731;11/28/73;F;Single;US Citizen;No;White;9/18/2014;;N/A - still employed;Active;Production       ;Janet King;2;Search Engine - Google Bing Yahoo;,,,,,,,,,,,,,,,,,,,,,,,"
"Meads; Elizabeth;1409070245;0;0;0;5;5;3;1;14;1;19;Production Technician I;MA;1760;05/30/68;F;Single;US Citizen;No;Black or African American;4-2-2012;11-11-2015;Another position;Voluntarily Terminated;Production       ;Kelley Spirea;18;Diversity Job Fair;,,,,,,,,,,,,,,,,,,,,,,,"
"Tippett; Jeanette;1409070255;0;2;0;1;5;3;0;24;0;19;Production Technician I;MA;2093;6-5-1967;F;Divorced;US Citizen;No;Black or African American;2/18/2013;;N/A - still employed;Active;Production       ;Brannon Miller;12;Billboard;,,,,,,,,,,,,,,,,,,,,,,,"
"Adinolfi; Wilson  K;1409070522;0;0;1;1;5;4;0;20;0;19;Production Technician I;MA;1960;7-10-1983;M ;Single;US Citizen;No;White;7-5-2011;;N/A - still employed;Active;Production       ;Michael Albert;22;MBTA ads;,,,,,,,,,,,,,,,,,,,,,,,"
"Costa; Latia;1409070567;0;0;0;1;6;4;0;55;0;3;Area Sales Manager;CA;90007;11-8-1988;F;Single;US Citizen;No;White;1-10-2011;;N/A - still employed;Active;Sales;Lynn Daneault;21;Other;,,,,,,,,,,,,,,,,,,,,,,,"
"Saar-Beckles; Melinda;1410070998;0;0;0;2;5;2;1;20;0;19;Production Technician I;MA;1801;6-6-1968;F;Single;US Citizen;No;Black or African American;7-4-2016;;N/A - Has not started yet;Future Start;Production       ;Kelley Spirea;18;Diversity Job Fair;,,,,,,,,,,,,,,,,,,,,,,,"
"Wallace; Courtney  E;1410071026;1;1;0;5;5;3;1;33.5;1;18;Production Manager;MA;2478;11/14/55;F;Married;US Citizen;No;Black or African American;9/26/2011;1-2-2012;Another position;Voluntarily Terminated;Production       ;Janet King;2;Diversity Job Fair;,,,,,,,,,,,,,,,,,,,,,,,"
"Sparks; Taylor  ;1410071137;1;1;0;1;5;1;0;16;0;19;Production Technician I;MA;2093;07/20/68;F;Married;US Citizen;No;White;2/20/2012;;N/A - still employed;Active;Production       ;Brannon Miller;12;Billboard;,,,,,,,,,,,,,,,,,,,,,,,"
"Hernandez; Daniff;1410071156;1;1;1;4;3;3;0;40.1;1;8;Database Administrator;MA;1960;8-7-1986;M ;Married;US Citizen;No;Black or African American;2/16/2015;02/22/15;no-call/no-show;Terminated for Cause;IT/IS;Simon Roup;4;Employee Referral,,,,,,,,,,,,,,,,,,,,,,,"
"Gonzalez; Cayo;1411071212;0;2;1;1;5;4;1;16;0;19;Production Technician I;MA;2108;09/29/69;M ;Divorced;US Citizen;No;American Indian or Alaska Native;7-11-2011;;N/A - still employed;Active;Production       ;Brannon Miller;12;Diversity Job Fair;,,,,,,,,,,,,,,,,,,,,,,,"
"Strong; Caitrin;1411071295;1;1;0;1;6;3;0;54;0;3;Area Sales Manager;MT;59102;5-12-1989;F;Married;US Citizen;No;Black or African American;9/27/2010;;N/A - still employed;Active;Sales;John Smith;17;Professional Society;,,,,,,,,,,,,,,,,,,,,,,,"
"Fraval; Maruk ;1411071302;0;0;1;1;6;3;0;55;0;3;Area Sales Manager;CT;6050;08/28/63;M ;Single;US Citizen;No;Black or African American;9-6-2011;;N/A - still employed;Active;Sales;Lynn Daneault;21;Monster.com;,,,,,,,,,,,,,,,,,,,,,,,"
"Daniele; Ann  ;1411071312;1;1;0;3;3;3;0;54.1;0;28;Sr. Network Engineer;CT;6033;01/18/52;F;Married;US Citizen;No;White;11-10-2014;;N/A - still employed;Leave of Absence;IT/IS;Peter Monroe;7;Vendor Referral;,,,,,,,,,,,,,,,,,,,,,,,"
"Gonzalez; Juan;1411071324;1;1;1;5;5;1;1;29;1;20;Production Technician II;MA;2128;10-12-1964;M ;Married;US Citizen;No;Black or African American;4/26/2010;05/30/11;career change;Voluntarily Terminated;Production       ;Brannon Miller;12;Diversity Job Fair;,,,,,,,,,,,,,,,,,,,,,,,"
"Peters; Lauren;1411071406;1;1;0;5;5;4;0;29;1;20;Production Technician II;MA;1886;08/17/86;F;Married;US Citizen;No;White;5/16/2011;2-4-2012;more money;Voluntarily Terminated;Production       ;Ketsia Liebig;19;Pay Per Click - Google;,,,,,,,,,,,,,,,,,,,,,,,"
"Gonzales; Ricardo;1411071481;1;1;1;1;6;3;0;55.5;0;3;Area Sales Manager;ID;83706;10-12-1954;M ;Married;US Citizen;No;White;5-12-2014;;N/A - still employed;Active;Sales;John Smith;17;Monster.com;,,,,,,,,,,,,,,,,,,,,,,,"
"Turpin; Jumil;1411071506;1;1;1;1;3;3;0;49.1;0;15;Network Engineer;MA;2343;03/31/69;M ;Married;Eligible NonCitizen;No;White;3/30/2015;;N/A - still employed;Active;IT/IS;Peter Monroe;7;Employee Referral;,,,,,,,,,,,,,,,,,,,,,,,"
"Favis; Donald  ;1412071562;0;0;1;4;3;3;0;58.2;1;30;Enterprise Architect;CT;6033;07/30/64;M ;Single;US Citizen;No;Black or African American;2/17/2014;02/19/16;hours;Terminated for Cause;IT/IS;Simon Roup;4;Vendor Referral;,,,,,,,,,,,,,,,,,,,,,,,"
"Leruth; Giovanni;1412071660;0;3;1;1;6;3;0;55;0;3;Area Sales Manager;UT;84111;12/27/88;M ;Separated;US Citizen;No;Black or African American;4/30/2012;;N/A - still employed;Active;Sales;John Smith;17;Website Banner Ads;,,,,,,,,,,,,,,,,,,,,,,,"
"Jhaveri; Sneha  ;1412071713;0;3;0;1;5;3;0;19;0;19;Production Technician I;MA;2109;04/13/64;F;Separated;US Citizen;No;White;1-6-2014;;N/A - still employed;Active;Production       ;Kelley Spirea;18;On-campus Recruiting;,,,,,,,,,,,,,,,,,,,,,,,"
"Biden; Lowan  M;1412071844;0;2;0;1;5;3;0;22;0;19;Production Technician I;MA;2027;12/27/58;F;Divorced;US Citizen;No;Asian;8/19/2013;;N/A - still employed;Active;Production       ;Ketsia Liebig;19;Billboard;,,,,,,,,,,,,,,,,,,,,,,,"
"Smith; John;1499902910;0;2;1;1;6;2;1;56;0;21;Sales Manager;MA;1886;08/16/84;M ;Divorced;US Citizen;No;Black or African American;5/18/2014;;N/A - still employed;Active;Sales;Debra Houlihan;15;Diversity Job Fair;,,,,,,,,,,,,,,,,,,,,,,,"
"Robertson; Peter;1499902991;1;1;1;5;5;3;0;22;1;20;Production Technician II;MA;2138;7-3-1972;M ;Married;US Citizen;No;White;7-5-2011;2-8-2012;Another position;Voluntarily Terminated;Production       ;Kissy Sullivan;20;Glassdoor;,,,,,,,,,,,,,,,,,,,,,,,"
"Smith; Sade;1501071909;0;0;0;1;5;3;0;24.5;0;19;Production Technician I;MA;2130;2-2-1965;F;Single;US Citizen;No;White;11-11-2013;;N/A - still employed;Active;Production       ;Ketsia Liebig;19;Employee Referral;,,,,,,,,,,,,,,,,,,,,,,,"
"Galia; Lisa;1501072093;0;0;0;1;3;3;0;31.4;0;14;IT Support;CT;6040;7-6-1968;F;Single;US Citizen;No;White;5-1-2010;;N/A - still employed;Active;IT/IS;Eric Dougall;6;Vendor Referral;,,,,,,,,,,,,,,,,,,,,,,,"
"Desimone; Carl ;1501072124;1;1;1;1;5;1;0;20;0;19;Production Technician I;MA;2061;04/19/67;M ;Married;US Citizen;No;White;7-7-2014;;N/A - still employed;Active;Production       ;Amy Dunn;11;Professional Society;,,,,,,,,,,,,,,,,,,,,,,,"
"Onque; Jasmine;1501072180;0;0;0;1;6;3;0;57;0;3;Area Sales Manager;FL;33174;5-11-1990;F;Single;US Citizen;Yes;White;9/30/2013;;N/A - still employed;Active;Sales;Lynn Daneault;21;Pay Per Click - Google;,,,,,,,,,,,,,,,,,,,,,,,"
"Gentry; Mildred;1501072192;1;1;0;1;5;3;0;19;0;19;Production Technician I;MA;2145;10-1-1990;F;Married;US Citizen;No;Black or African American;3/30/2015;;N/A - still employed;Active;Production       ;Michael Albert;22;Professional Society;,,,,,,,,,,,,,,,,,,,,,,,"
"Albert; Michael  ;1501072311;0;2;1;1;5;3;0;54.5;0;17;Production Manager;MA;2169;10-10-1968;M ;Divorced;US Citizen;No;White;8-1-2011;;N/A - still employed;Active;Production       ;Janet King;2;Employee Referral;,,,,,,,,,,,,,,,,,,,,,,,"
"Ferguson; Susan;1502072511;1;1;0;5;5;3;0;20;1;19;Production Technician I;MA;2176;04/14/55;F;Married;US Citizen;No;White;11-7-2011;05/17/14;military;Voluntarily Terminated;Production       ;Webster Butler;39;Search Engine - Google Bing Yahoo;,,,,,,,,,,,,,,,,,,,,,,,"
"Riordan; Michael;1502072711;0;3;1;1;6;4;0;55;0;3;Area Sales Manager;ND;58782;01/15/68;M ;Separated;US Citizen;No;White;1-9-2006;;N/A - still employed;Active;Sales;Lynn Daneault;21;Billboard;,,,,,,,,,,,,,,,,,,,,,,,"
"Jacobi; Hannah  ;1503072857;0;2;0;1;5;3;0;21;0;19;Production Technician I;MA;1778;03/22/66;F;Divorced;US Citizen;No;White;9/30/2013;;N/A - still employed;Active;Production       ;Kissy Sullivan;20;Employee Referral;,,,,,,,,,,,,,,,,,,,,,,,"
"Buck; Edward;1504073313;1;1;1;1;6;3;0;55;0;3;Area Sales Manager;MA;2330;7-7-1975;M ;Married;US Citizen;No;White;9/29/2014;;N/A - still employed;Active;Sales;Lynn Daneault;21;Employee Referral;,,,,,,,,,,,,,,,,,,,,,,,"
"Bunbury; Jessica;1504073368;1;1;0;5;6;3;0;55;1;3;Area Sales Manager;VA;21851;6-1-1964;F;Married;Eligible NonCitizen;No;Black or African American;8/15/2011;8-2-2014;Another position;Voluntarily Terminated;Sales;John Smith;17;Social Networks - Facebook Twitter etc;,,,,,,,,,,,,,,,,,,,,,,,"
"Cockel; James;1599991009;0;0;1;1;5;3;0;15;0;19;Production Technician I;MA;2452;9-8-1977;M ;Single;US Citizen;No;White;7-8-2013;;N/A - still employed;Active;Production       ;David Stanley;14;Employee Referral;,,,,,,,,,,,,,,,,,,,,,,,"
"Gonzalez; Maria;1988299991;0;3;0;1;3;3;0;39;0;14;IT Support;MA;2472;04/16/81;F;Separated;US Citizen;Yes;White;1-5-2015;;N/A - still employed;Active;IT/IS;Peter Monroe;7;Employee Referral;,,,,,,,,,,,,,,,,,,,,,,,"
